id,name
666,Vitae
1634,Portal Sending
1635,Lifestone Recall
1636,Lifestone Sending
1637,Summon Primary Portal III
1644,The Gift of Sarneho
1708,Wedding Bliss
1781,Exploding Magma
1782,Gertarh's Curse
1832,Torrential Acid
1833,Squall of Swords
1834,Firestorm
1835,Splinterfall
1836,Avalanche
1837,Lightning Barrage
1838,Stone Fists
1846,Curse of Black Fire
1991,Mana Blight
1992,Camping Mastery
1993,Camping Ineptitude
1994,Aura of Wound Twister
1995,Aura of Alacrity
1996,Aura of Soul Hunter
1997,Life Giver
1998,Stamina Giver
1999,Mana Giver
2000,Portal Sending
2001,Portal Sending
2002,Portal Sending
2003,Warrior's Lesser Vitality
2004,Warrior's Vitality
2005,Warrior's Greater Vitality
2006,Warrior's Ultimate Vitality
2007,Warrior's Lesser Vigor
2008,Warrior's Vigor
2009,Warrior's Greater Vigor
2010,Warrior's Ultimate Vigor
2011,Wizard's Lesser Intellect
2012,Wizard's Intellect
2013,Wizard's Greater Intellect
2014,Wizard's Ultimate Intellect
2015,Aerfalle's Ward
2016,Impulse
2017,Bunny Smite
2018,Tormenter of Flesh
2019,The sundering of the crystal
2020,Recall Asmolum 1
2021,Thaumaturgic Shroud
2022,Soul Shroud
2023,Recall the Sanctuary
2024,Recall Asmolum 2
2025,RecallAsmolum 3
2026,Nerve Burn
2027,Martyr
2028,The Path to Kelderam's Ward
2029,Stamina Blight
2030,Flaming Blaze
2031,Steel Thorns
2032,Electric Blaze
2033,Acidic Spray
2034,Exploding Fury
2035,Electric Discharge
2036,Fuming Acid
2037,Flaming Irruption
2038,Exploding Ice
2039,Sparking Fury
2040,The Path to Kelderam's Ward
2041,Aerlinthe Recall
2042,Demon's Tongues
2043,Weight of Eternity
2044,Item Befoulment
2045,Demon Fists
2046,Portal to Teth
2047,Demonskin
2048,Boon of the Demon
2049,Bile of the Hopeslayer
2050,Young Love
2051,Young Love
2346,Malediction
2347,Concentration
2348,Brilliance
2349,Hieromancer's Ward
2350,Greater Decay Durance
2351,Greater Consumption Durance
2352,Greater Stasis Durance
2353,Greater Stimulation Durance
2354,Lesser Piercing Durance
2355,Lesser Slashing Durance
2356,Lesser Bludgeoning Durance
2357,Fauna Perlustration
2358,Lyceum Recall
2359,Portal Sending
2360,Portal Sending
2361,Portal Sending
2362,Portal Sending
2363,Portal Sending
2364,Egress
2365,something you're gonna fear for a long time
2366,Bovine Intervention
2367,Groovy Portal Sending
2368,a powerful force
2369,Expulsion
2370,Gift of Rotting Flesh
2371,Curse of Mortal Flesh
2372,Price of Immortality
2373,Enervation of the Heart
2374,Enervation of the Limb
2375,Enervation of the Mind
2376,Glimpse of Annihilation
2377,Vision of Annihilation
2378,Beast Murmur
2379,Beast Whisper
2380,Grip of Instrumentality
2381,Touch of Instrumentality
2382,Unnatural Persistence
2383,Dark Flame
2384,Arcane Restoration
2385,Vigilance
2386,Indomitability
2387,Determination
2388,Caution
2389,Vigor
2390,Haste
2391,Prowess
2392,Serenity
2393,Force Armor
2394,Acid Shield
2395,Electric Shield
2396,Flame Shield
2397,Ice Shield
2398,Bludgeon Shield
2399,Piercing Shield
2400,Slashing Shield
2401,Into the Garden
2402,Essence Lull
2403,Balanced Breakfast
2404,Collector Acid Protection
2405,Collector Blade Protection
2406,Collector Bludgeoning Protection
2407,Collector Cold Protection
2408,Collector Fire Protection
2409,Collector Lightning Protection
2410,Collector Piercing Protection
2411,Discipline
2412,Enduring Coordination
2413,Enduring Focus
2414,Enduring Stoicism
2415,Eye of the Hunter
2416,High Tension String
2417,Obedience
2418,Occult Potence
2419,Panic Attack
2420,Panoply of the Queenslayer
2421,Paralyzing Fear
2422,Send to Dryreach
2423,Precise
2424,Rabbit's Eye
2425,Stone Wall
2426,Strong Pull
2427,Sugar Rush
2428,Timaru's Shelter
2429,Timaru's Shelter
2430,Timaru's Shelter
2431,Vivification
2432,Acid Ward
2433,Flame Ward
2434,Frost Ward
2435,Lightning Ward
2436,Laying on of Hands
2437,Greater Rockslide
2438,Lesser Rockslide
2439,Rockslide
2440,Greater Stone Cliffs
2441,Lesser Stone Cliffs
2442,Stone Cliffs
2443,Greater Strength of Earth
2444,Lesser Strength of Earth
2445,Strength of Earth
2446,Greater Growth
2447,Lesser Growth
2448,Growth
2449,Greater Hunter's Acumen
2450,Lesser Hunter's Acumen
2451,Hunter's Acumen
2452,Greater Thorns
2453,Lesser Thorns
2454,Thorns
2455,Greater Cascade
2456,Lesser Cascade
2457,Cascade
2458,Greater Cascade
2459,Lesser Cascade
2460,Cascade
2461,Greater Cascade
2462,Lesser Cascade
2463,Cascade
2464,Greater Cascade
2465,Lesser Cascade
2466,Cascade
2467,Greater Cascade
2468,Lesser Cascade
2469,Cascade
2470,Greater Still Water
2471,Lesser Still Water
2472,Still Water
2473,Greater Torrent
2474,Lesser Torrent
2475,Torrent
2476,Safe Harbor
2477,Free Trip to the Aluvian Casino
2478,Cragstone Reinforcements camp recall
2479,Advance Camp Recall
2480,Free Trip to the Gharun'dim Casino
2481,Zaikhal Reinforcement Camp Recall
2482,Zaikhal Advance Camp Recall
2483,Free Trip to the Sho Casino
2484,Hebian-to Reinforcements Camp Portal
2485,Hebian-to Advance Camp Recall
2486,Blood Thirst
2487,Spirit Strike
2488,Weapon Familiarity
2489,Free Ride to the Shoushi Southeast Outpost Portal
2490,Free Ride to the Holtburg South Outpost
2491,Free Ride to the Holtburg West Outpost
2492,Free Ride to the Shoushi West Outpost
2493,Free Ride to the Yaraq East Outpost
2494,Free Ride to the Yaraq North Outpost
2495,Send Reinforcements
2496,Send Reinforcements
2497,Send Reinforcements
2498,Send Reinforcements
2499,Send Reinforcements
2500,Send Reinforcements
2501,Major Alchemical Prowess
2502,Major Arcane Prowess
2503,Major Armor Tinkering Expertise
2504,Major Light Weapon Aptitude
2505,Major Missile Weapon Aptitude
2506,Major Cooking Prowess
2507,Major Creature Enchantment Aptitude
2508,Major Missile Weapon Aptitude
2509,Major Finesse Weapon Aptitude
2510,Major Deception Prowess
2511,Major Fealty
2512,Major Fletching Prowess
2513,Major Healing Prowess
2514,Major Impregnability
2515,Major Invulnerability
2516,Major Item Enchantment Aptitude
2517,Major Item Tinkering Expertise
2518,Major Jumping Prowess
2519,Major Leadership
2520,Major Life Magic Aptitude
2521,Major Lockpick Prowess
2522,Major Light Weapon Aptitude
2523,Major Magic Item Tinkering Expertise
2524,Major Magic Resistance
2525,Major Mana Conversion Prowess
2526,Major Monster Attunement
2527,Major Person Attunement
2528,Major Light Weapon Aptitude
2529,Major Sprint
2530,Major Light Weapon Aptitude
2531,Major Heavy Weapon Aptitude
2532,Major Missile Weapon Aptitude
2533,Major Light Weapon Aptitude
2534,Major War Magic Aptitude
2535,Major Weapon Tinkering Expertise
2536,Minor Alchemical Prowess
2537,Minor Arcane Prowess
2538,Minor Armor Tinkering Expertise
2539,Minor Light Weapon Aptitude
2540,Minor Missile Weapon Aptitude
2541,Minor Cooking Prowess
2542,Minor Creature Enchantment Aptitude
2543,Minor Missile Weapon Aptitude
2544,Minor Finesse Weapon Aptitude
2545,Minor Deception Prowess
2546,Minor Fealty
2547,Minor Fletching Prowess
2548,Minor Healing Prowess
2549,Minor Impregnability
2550,Minor Invulnerability
2551,Minor Item Enchantment Aptitude
2552,Minor Item Tinkering Expertise
2553,Minor Jumping Prowess
2554,Minor Leadership
2555,Minor Life Magic Aptitude
2556,Minor Lockpick Prowess
2557,Minor Light Weapon Aptitude
2558,Minor Magic Item Tinkering Expertise
2559,Minor Magic Resistance
2560,Minor Mana Conversion Prowess
2561,Minor Monster Attunement
2562,Minor Person Attunement
2563,Minor Light Weapon Aptitude
2564,Minor Sprint
2565,Minor Light Weapon Aptitude
2566,Minor Heavy Weapon Aptitude
2567,Minor Missile Weapon Aptitude
2568,Minor Light Weapon Aptitude
2569,Minor War Magic Aptitude
2570,Minor Weapon Tinkering Expertise
2571,Major Armor
2572,Major Coordination
2573,Major Endurance
2574,Major Focus
2575,Major Quickness
2576,Major Strength
2577,Major Willpower
2578,Minor Armor
2579,Minor Coordination
2580,Minor Endurance
2581,Minor Focus
2582,Minor Quickness
2583,Minor Strength
2584,Minor Willpower
2585,Major Acid Bane
2586,Major Blood Thirst
2587,Major Bludgeoning Bane
2588,Major Defender
2589,Major Flame Bane
2590,Major Frost Bane
2591,Major Heart Thirst
2592,Major Impenetrability
2593,Major Piercing Bane
2594,Major Slashing Bane
2595,Major Storm Bane
2596,Major Swift Hunter
2597,Minor Acid Bane
2598,Minor Blood Thirst
2599,Minor Bludgeoning Bane
2600,Minor Defender
2601,Minor Flame Bane
2602,Minor Frost Bane
2603,Minor Heart Thirst
2604,Minor Impenetrability
2605,Minor Piercing Bane
2606,Minor Slashing Bane
2607,Minor Storm Bane
2608,Minor Swift Hunter
2609,Major Acid Ward
2610,Major Bludgeoning Ward
2611,Major Flame Ward
2612,Major Frost Ward
2613,Major Piercing Ward
2614,Major Slashing Ward
2615,Major Storm Ward
2616,Minor Acid Ward
2617,Minor Bludgeoning Ward
2618,Minor Flame Ward
2619,Minor Frost Ward
2620,Minor Piercing Ward
2621,Minor Slashing Ward
2622,Minor Storm Ward
2623,Major Health Gain
2624,Major Mana Gain
2625,Major Stamina Gain
2626,Minor Health Gain
2627,Minor Mana Gain
2628,Minor Stamina Gain
2629,Huntress' Boon
2630,Prey's Reflex
2631,Secret Descent
2632,Secret Ascent
2633,Breaking and Entering
2634,Cautious Egress
2635,Witshire Passage
2636,Karenua's Curse
2637,Invoking Aun Tanua
2638,Heart of Oak
2639,Repulsion
2640,Devourer
2641,Force to Arms
2642,Consumption
2643,Stasis
2644,Lifestone Tie
2645,Portal Recall
2646,Secondary Portal Tie
2647,Secondary Portal Recall
2648,Summon Secondary Portal I
2649,Summon Secondary Portal II
2650,Summon Secondary Portal III
2651,Portal Sending Self Sacrifice
2652,Portal Sending Merciless
2653,Feeble Willpower
2654,Feeble Endurance
2655,Feeble Focus
2656,Feeble Quickness
2657,Feeble Strength
2658,Feeble Coordination
2659,Moderate Coordination
2660,Moderate Endurance
2661,Moderate Focus
2662,Moderate Quickness
2663,Moderate Strength
2664,Moderate Willpower
2665,Essence Sluice
2666,Essence Glutton
2667,Essence Spike
2668,Nuhmudiras Benefaction
2669,Nuhmudiras Bestowment
2670,Nuhmudiras Endowment
2671,Portal to the Callous Heart
2672,Ring of True Pain
2673,Ring of Unspeakable Agony
2674,Vicious Rebuke
2675,Feeble Light Weapon Aptitude
2676,Feeble Missile Weapon Aptitude
2677,Feeble Missile Weapon Aptitude
2678,Feeble Finesse Weapon Aptitude
2679,Feeble Light Weapon Aptitude
2680,Feeble Mana Conversion Prowess
2681,Feeble Light Weapon Aptitude
2682,Feeble Light Weapon Aptitude
2683,Feeble Heavy Weapon Aptitude
2684,Feeble Missile Weapon Aptitude
2685,Feeble Light Weapon Aptitude
2686,Moderate Light Weapon Aptitude
2687,Moderate Missile Weapon Aptitude
2688,Moderate Missile Weapon Aptitude
2689,Moderate Finesse Weapon Aptitude
2690,Moderate Light Weapon Aptitude
2691,Moderate Mana Conversion Prowess
2692,Moderate Light Weapon Aptitude
2693,Moderate Light Weapon Aptitude
2694,Moderate Heavy Weapon Aptitude
2695,Moderate Missile Weapon Aptitude
2696,Moderate Light Weapon Aptitude
2697,Aerfalle's Touch
2698,Aerfalle's Embrace
2699,Auroric Whip
2700,Corrosive Cloud
2701,Elemental Fury
2702,Elemental Fury
2703,Elemental Fury
2704,Elemental Fury
2705,Aerfalle's Enforcement
2706,Aerfalle's Gaze
2707,Elemental Pit
2708,Stasis Field
2709,Summon Primary Portal I
2710,Volcanic Blast
2766,Martyr's Hecatomb VII
2780,Martyr's Blight VII
2781,Lesser Elemental Fury
2782,Lesser Elemental Fury
2783,Lesser Elemental Fury
2784,Lesser Elemental Fury
2785,Lesser Stasis Field
2786,Madness
2787,Supremacy
2788,Essence Blight
2789,Elemental Destruction
2790,Weight of the World
2791,Rolling Death
2792,Rolling Death
2793,Rolling Death
2794,Rolling Death
2795,Citadel Library
2796,Citadel Surface
2797,Proving Grounds Rolling Death
2798,Proving Grounds High
2799,Proving Grounds Low
2800,Proving Grounds Mid
2801,Proving Grounds Extreme
2802,Proving Grounds High
2803,Proving Grounds Low
2804,Proving Grounds Mid
2805,Impudence
2806,Impudence
2807,Impudence
2808,Impudence
2809,Moderate Arcane Prowess
2810,Moderate Life Magic Aptitude
2811,Moderate Magic Resistance
2812,Moderate War Magic Aptitude
2813,Mount Lethe Recall
2814,Priest's Curse
2815,Boom Black Firework OUT
2816,Big Boom Black Firework OUT
2817,Shockwave Black Firework OUT
2818,Spiral Black Firework OUT
2819,Sparkle Black Firework OUT
2820,Blossom Black Firework OUT
2821,Ring Black Firework OUT
2822,Boom Blue Firework OUT
2823,Big Boom Blue Firework OUT
2824,Shockwave Blue Firework OUT
2825,Spiral Blue Firework OUT
2826,Sparkle Blue Firework OUT
2827,Blossom Blue Firework OUT
2828,Ring Blue Firework OUT
2829,Boom Green Firework OUT
2830,Big Boom Green Firework OUT
2831,Shockwave Green Firework OUT
2832,Spiral Green Firework OUT
2833,Sparkle Green Firework OUT
2834,Blossom Green Firework OUT
2835,Ring Green Firework OUT
2836,Boom Orange Firework OUT
2837,Big Boom Orange Firework OUT
2838,Shockwave Orange Firework OUT
2839,Spiral Orange Firework OUT
2840,Sparkle Orange Firework OUT
2841,Blossom Orange Firework OUT
2842,Ring Orange Firework OUT
2843,Boom Purple Firework OUT
2844,Big Boom Purple Firework OUT
2845,Shockwave Purple Firework OUT
2846,Spiral Purple Firework OUT
2847,Sparkle Purple Firework OUT
2848,Blossom Purple Firework OUT
2849,Ring Purple Firework OUT
2850,Boom Red Firework OUT
2851,Big Boom Red Firework OUT
2852,Shockwave Red Firework OUT
2853,Spiral Red Firework OUT
2854,Sparkle Red Firework OUT
2855,Blossom Red Firework OUT
2856,Ring Red Firework OUT
2857,Boom White Firework OUT
2858,Big Boom White Firework OUT
2859,Shockwave White Firework OUT
2860,Spiral White Firework OUT
2861,Sparkle White Firework OUT
2862,Blossom White Firework OUT
2863,Ring White Firework OUT
2864,Boom Yellow Firework OUT
2865,Big Boom Yellow Firework OUT
2866,Shockwave Yellow Firework OUT
2867,Spiral Yellow Firework OUT
2868,Sparkle Yellow Firework OUT
2869,Blossom Yellow Firework OUT
2870,Ring Yellow Firework OUT
2871,Boom Black Firework UP
2872,Big Boom Black Firework UP
2873,Shockwave Black Firework UP
2874,Spiral Black Firework UP
2875,Sparkle Black Firework UP
2876,Blossom Black Firework UP
2877,Ring Black Firework UP
2878,Boom Blue Firework UP
2879,Big Boom Blue Firework UP
2880,Shockwave Blue Firework UP
2881,Spiral Blue Firework UP
2882,Sparkle Blue Firework UP
2883,Blossom Blue Firework UP
2884,Ring Blue Firework UP
2885,Boom Green Firework UP
2886,Big Boom Green Firework UP
2887,Shockwave Green Firework UP
2888,Spiral Green Firework UP
2889,Sparkle Green Firework UP
2890,Blossom Green Firework UP
2891,Ring Green Firework UP
2892,Boom Orange Firework UP
2893,Big Boom Orange Firework UP
2894,Shockwave Orange Firework UP
2895,Spiral Orange Firework UP
2896,Sparkle Orange Firework UP
2897,Blossom Orange Firework UP
2898,Ring Orange Firework UP
2899,Boom Purple Firework UP
2900,Big Boom Purple Firework UP
2901,Shockwave Purple Firework UP
2902,Spiral Purple Firework UP
2903,Sparkle Purple Firework UP
2904,Blossom Purple Firework UP
2905,Ring Purple Firework UP
2906,Boom Red Firework UP
2907,Big Boom Red Firework UP
2908,Shockwave Red Firework UP
2909,Spiral Red Firework UP
2910,Sparkle Red Firework UP
2911,Blossom Red Firework UP
2912,Ring Red Firework UP
2913,Boom White Firework UP
2914,Big Boom White Firework UP
2915,Shockwave White Firework UP
2916,Spiral White Firework UP
2917,Sparkle White Firework UP
2918,Blossom White Firework UP
2919,Ring White Firework UP
2920,Boom Yellow Firework UP
2921,Big Boom Yellow Firework UP
2922,Shockwave Yellow Firework UP
2923,Spiral Yellow Firework UP
2924,Sparkle Yellow Firework UP
2925,Blossom Yellow Firework UP
2926,Ring Yellow Firework UP
2927,Old School Fireworks
2928,Tusker Hide
2929,Tusker Might
2930,Tusker Skin
2931,Recall Aphus Lassel
2932,Tusker Leap
2933,Tusker Sprint
2934,Tusker Fists
2935,Trial of the Tusker Hero
2936,Entrance to Tusker Island
2937,Moderate Impregnability
2938,Moderate Invulnerability
2939,Entering the Temple
2940,Entering the Temple
2941,Ulgrim's Recall
2942,Free Ride to the Abandoned Mine
2943,Recall to the Singularity Caul
2944,Storage Warehouse
2945,Storage Warehouse
2946,Moderate Creature Magic Aptitude
2947,Nullify All Magic Other
2948,Hieromancer's Great Ward
2949,Lightbringer's Way
2950,Maiden's Kiss
2951,Gates of Knorr
2952,Courtyard of Knorr
2953,Interior Gates of Knorr
2954,Barracks Conveyance
2955,Forge Conveyance
2956,Research Chambers Conveyance
2957,Seat of Knorr
2958,Blessing of the Priestess
2959,Mark of the Priestess
2960,Greater Bludgeoning Durance
2961,Greater Piercing Durance
2962,Greater Slashing Durance
2963,Aura of Hunter's Cunning
2964,Aura of Hunter's Mark
2965,Aura of Murderous Intent
2966,Aura of Murderous Thirst
2967,Aura of The Speedy Hunter
2968,Vision of the Hunter
2969,Mother's Blessing
2970,Hunter's Lash
2971,Bullseye
2972,Oswald's Room
2973,Access to the Secret Lair
2974,Vagabond Passed
2975,Moderate Item Enchantment Aptitude
2976,Acid Spray
2977,Portal spell to a hidden place
2978,Nullify All Magic Other
2979,Destiny's Wind
2980,Endless Vigor
2981,Fellowship Heal I
2982,Fellowship Alchemy Mastery I
2983,Fellowship Evaporate Life Magic Self
2984,Lyceum of Kivik Lir
2985,Ardence
2986,Vim
2987,Volition
2988,Beaten into Submission
2989,Portal to the Bandit Hideout.
2990,Knocked Out
2991,Winter's Kiss
2992,Depletion
2993,Grace of the Unicorn
2994,Plague
2995,Power of the Dragon
2996,Scourge
2997,Splendor of the Firebird
2998,Wrath of the Puppeteer
2999,Endurance of the Abyss
3000,Ire of the Dark Prince
3001,Puppet String
3002,Will of the Quiddity
3003,Dark Wave
3004,Puppet Strings
3005,Dispersion
3006,Foresight
3007,Uncanny Dodge
3008,Finesse
3009,Thew
3010,Zeal
3011,Endless Sight
3012,Far Sight
3013,Fruit of the Oasis
3014,Water of the Oasis
3015,Shade of the Oasis
3016,Raptor's Sight
3017,Greater Battle Dungeon Sending from Candeth Keep
3018,Greater Battle Dungeon Sending from Fort Tethana
3019,Greater Battle Dungeon Sending from Nanto
3020,Greater Battle Dungeon Sending from Plateau
3021,Greater Battle Dungeon Sending from Qalabar
3022,Greater Battle Dungeon Sending from Tou-Tou
3023,Greater Battle Dungeon Sending from Xarabydun
3024,Greater Battle Dungeon Sending from Yaraq
3025,Shriek
3026,Lesser Battle Dungeon Sending from Candeth Keep
3027,Lesser Battle Dungeon Sending from Fort Tethana
3028,Lesser Battle Dungeon Sending from Nanto
3029,Lesser Battle Dungeon Sending from Plateau
3030,Lesser Battle Dungeon Sending from Qalabar
3031,Lesser Battle Dungeon Sending from Tou-Tou
3032,Lesser Battle Dungeon Sending from Xarabydun
3033,Lesser Battle Dungeon Sending from Yaraq
3034,Benediction of Immortality
3035,Closing of the Great Divide
3036,Cold Grip of the Grave
3037,Death's Call
3038,Death's Embrace
3039,Death's Feast
3040,Places Death's Kiss upon you.
3041,Essence Dissolution
3042,Grip of Death
3043,Kiss of the Grave
3044,Lesser Benediction of Immortality
3045,Lesser Closing of the Great Divide
3046,Lesser Mists of Bur
3047,Matron's Barb
3048,Minor Benediction of Immortality
3049,Minor Closing of the Great Divide
3050,Minor Mists of Bur
3051,Mire Foot
3052,Mists of Bur
3053,Paralyzing Touch
3054,Soul Dissolution
3055,Asphyxiation
3056,Death's Vice
3057,Enervation
3058,Asphyiaxtion
3059,Enervation
3060,Poison Blood
3061,Taint Mana
3062,Asphyxiation
3063,Enervation
3064,Poison Blood
3065,Taint Mana
3066,Lesser Ward of Rebirth
3067,Matron's Curse
3068,Minor Ward of Rebirth
3069,Poison Blood
3070,Taint Mana
3071,Ward of Rebirth
3072,Hall of the Temple Guardians
3073,Matron's Outer Chamber
3074,Bruised Flesh
3075,Flesh of Cloth
3076,Exposed Flesh
3077,Flesh of Flint
3078,Weaken Flesh
3079,Thin Skin
3080,Bruised Flesh
3081,Flesh of Cloth
3082,Exposed Flesh
3083,Flesh of Flint
3084,Weaken Flesh
3085,Bruised Flesh
3086,Flesh of Cloth
3087,Exposed Flesh
3088,Flesh of Flint
3089,Weaken Flesh
3090,Thin Skin
3091,Thin Skin
3092,Lesser Skin of the Fiazhat
3093,Minor Skin of the Fiazhat
3094,Skin of the Fiazhat
3095,Crypt of Jexki Ki
3096,Crypt of Ibrexi Jekti
3097,Hall of the Guardians
3098,Hall of the Greater Guardians
3099,Hall of the Lesser Guardians
3100,Antechamber of Ixir Zi's Temple
3101,Crypt of Ixir Zi
3102,Kivik Lir's Temple
3103,Crypt of Kixkti Xri
3104,Hall of the Arbiter
3105,Hall of the Arbiter
3106,Hall of the Arbiter
3107,Flay Soul
3108,Flay Soul
3109,Liquefy Flesh
3110,Sear Flesh
3111,Soul Hammer
3112,Soul Spike
3113,Flay Soul
3114,Liquefy Flesh
3115,Sear Flesh
3116,Soul Hammer
3117,Soul Spike
3118,Liquefy Flesh
3119,Sear Flesh
3120,Soul Hammer
3121,Soul Spike
3122,Sacrificial Edge
3123,Sacrificial Edges
3124,Blight Mana
3125,EnervateBeing
3126,Poison Health
3127,Fell Wind
3128,Infected Blood
3129,Infirmed Mana
3130,Halls of Liazk Itzi
3131,Halls of Liazk Itzi
3132,Halls of Liazk Itzi
3133,Halls of Liazk Itzi
3134,Halls of Liazk Itzi
3135,Halls of Liazk Itzi
3136,Halls of Liazk Itzi
3137,Halls of Liazk Itzi
3138,Antechamber of Liazk Itzi
3139,Liazk Itzi's Crypt
3140,Lair of Liazk Itzi
3141,Lair of Liazk Itzi
3142,Lair of Liazk Itzi
3143,Lair of Liazk Itzi
3144,Liazk Itzi Guardians
3145,Liazk Itzi Guardians
3146,Liazk Itzi Guardians
3147,Liazk Itzi Guardians
3148,Liazk Itzi's Offering Room
3149,Liazk Itzi's Offering Room
3150,Liazk Itzi's Offering Room
3151,Liazk Itzi's Offering Room
3152,Inferior Scythe Aegis
3153,Lesser Scythe Aegis
3154,Scythe Aegis
3155,Lesser Alacrity of the Conclave
3156,Alacrity of the Conclave
3157,Greater Alacrity of the Conclave
3158,Superior Alacrity of the Conclave
3159,Lesser Vivify the Conclave
3160,Vivify the Conclave
3161,Greater Vivify the Conclave
3162,Superior Vivify the Conclave
3163,Lesser Acumen of the Conclave
3164,Acumen of the Conclave
3165,Greater Acumen of the Conclave
3166,Superior Acumen of the Conclave
3167,Lesser Speed the Conclave
3168,Speed the Conclave
3169,Greater Speed the Conclave
3170,Superior Speed the Conclave
3171,Lesser Volition of the Conclave
3172,Volition of the Conclave
3173,Greater Volition of the Conclave
3174,Superior Volition of the Conclave
3175,Lesser Empowering the Conclave
3176,Empowering the Conclave
3177,Greater Empowering the Conclave
3178,Superior Empowering the Conclave
3179,Eradicate All Magic Other
3180,Eradicate All Magic Self
3199,Minor Hermetic Link
3200,Major Hermetic Link
3201,Feeble Hermetic Link
3202,Moderate Hermetic Link
3203,Eradicate All Magic Other
3204,Blazing Heart
3205,Good Eating
3206,Enliven
3207,Ore Fire
3208,Innervate
3209,Refreshment
3210,Agitate
3211,Annoyance
3212,Guilt Trip
3213,Heart Ache
3214,Sorrow
3215,Underfoot
3216,Transport to the Forbidden Catacombs
3217,Cascade
3218,Greater Cascade
3219,Lesser Cascade
3220,Cascade
3221,Greater Cascade
3222,Lesser Cascade
3223,Cascade
3224,Greater Cascade
3225,Lesser Cascade
3226,Cascade
3227,Greater Cascade
3228,Lesser Cascade
3229,Cascade
3230,Greater Cascade
3231,Lesser Cascade
3232,Cascade
3233,Greater Cascade
3234,Lesser Cascade
3235,Dark Power
3236,Restorative Draught
3237,Fanaticism
3238,Portal to Nanner Island
3239,Insight of the Khe
3240,Wisdom of the Khe
3241,Flame Burst
3242,Weave of Chorizite
3243,Consecration
3244,Divine Manipulation
3245,Sacrosanct Touch
3246,Adja's Benefaction
3247,Adja's Favor
3248,Adja's Grace
3249,Ghostly Chorus
3250,Major Spirit Thirst
3251,Minor Spirit Thirst
3252,Spirit Thirst
3267,Bit Between Teeth
3268,Biting Bonds
3269,Under The Lash
3270,Hezhit's Safety
3271,Hezhit's Safety
3272,Hezhit's Safety
3273,Prison
3274,Prison
3275,Prison
3276,Prison
3277,Prison
3278,Prison
3279,Entrance to Hizk Ri's Temple
3280,Return to the Corridor
3281,Hizk Ri's Test
3282,Hizk Ri's Test
3283,Hizk Ri's Test
3284,Consort Hezhit
3285,Attendant Jrvik
3286,Well of Tears
3287,Well of Tears
3288,Well of Tears
3289,Patriarch Zixki
3290,Jrvik's Safety
3291,Jrvik's Safety
3292,Jrvik's Safety
3293,Prison
3294,Prison
3295,Prison
3296,Prison
3297,Prison
3298,Prison
3299,Zixk's Safety
3300,Zixk's Safety
3301,Zixk's Safety
3302,Prison
3303,Prison
3304,Prison
3305,Prison
3306,Prison
3307,Prison
3308,Flange Aegis
3309,Inferior Flange Aegis
3310,Inferior Lance Aegis
3311,Lance Aegis
3312,Lesser Flange Aegis
3313,Lesser Lance Aegis
3314,Chained to the Wall
3315,The Sewer
3316,The Sewer
3317,The Sewer
3318,Hizk Ri's Crypt
3319,Portal to Izji Qo's Temple
3320,Lesser Corrosive Ward
3321,Corrosive Ward
3322,Greater Corrosive Ward
3323,Superior Corrosive Ward
3324,Lesser Scythe Ward
3325,Scythe Ward
3326,Greater Scythe Ward
3327,Superior Scythe Ward
3328,Lesser Flange Ward
3329,Flange Ward
3330,Greater Flange Ward
3331,Superior Flange Ward
3332,Lesser Frore Ward
3333,Frore Ward
3334,Greater Frore Ward
3335,Superior Frore Ward
3336,Lesser Inferno Ward
3337,Inferno Ward
3338,Greater Inferno Ward
3339,Superior Inferno Ward
3340,Lesser Voltaic Ward
3341,Voltaic Ward
3342,Greater Voltaic Ward
3343,Superior Voltaic Ward
3344,Lesser Lance Ward
3345,Lance Ward
3346,Greater Lance Ward
3347,Superior Lance Ward
3348,Lesser Warden of the Clutch
3349,Inferior Warden of the Clutch
3350,Warden of the Clutch
3351,Potent Warden of the Clutch
3352,Lesser Guardian of the Clutch
3353,Inferior Guardian of the Clutch
3354,Guardian of the Clutch
3355,Potent Guardian of the Clutch
3356,Lesser Sanctifier of the Clutch
3357,Inferior Sanctifier of the Clutch
3358,Sanctifier of the Clutch
3359,Potent Sanctifier of the Clutch
3360,Entrance to the Burun Shrine
3361,The Art of Destruction
3362,Blessing of the Horn
3363,Blessing of the Scale
3364,Blessing of the Wing
3365,Gift of Enhancement
3366,The Heart's Touch
3367,Leaping Legs
3368,Mage's Understanding
3369,On the Run
3370,Power of Enchantment
3371,Greater Life Giver
3372,Debilitating Spore
3373,Diseased Air
3374,Kivik Lir's Scorn
3375,Fungal Bloom
3376,Lesser Vision Beyond the Grave
3377,Minor Vision Beyond the Grave
3378,Vision Beyond the Grave
3379,Vitae
3380,Vitae
3381,Debilitating Spore
3382,Diseased Air
3383,Fungal Bloom
3384,Lesser Conjurant Chant
3385,Conjurant Chant
3386,Greater Conjurant Chant
3387,Superior Conjurant Chant
3388,Lesser Artificant Chant
3389,Artificant Chant
3390,Greater Artificant Chant
3391,Superior Artificant Chant
3392,Lesser Vitaeic Chant
3393,Vitaeic Chant
3394,Greater Vitaeic Chant
3395,Superior Vitaeic Chant
3396,Lesser Conveyic Chant
3397,Conveyic Chant
3398,Greater Conveyic Chant
3399,Superior Conveyic Chant
3400,Lesser Hieromantic Chant
3401,Hieromantic Chant
3402,Greater Hieromantic Chant
3403,Superior Hieromantic Chant
3404,Evil Thirst
3405,Gift of the Fiazhat
3406,Kivik Lir's Boon
3407,Lesser Evil Thirst
3408,Lesser Gift of the Fiazhat
3409,Minor Evil Thirst
3410,Minor Gift of the Fiazhat
3411,Portal spell to a Hidden Chamber
3412,Halls of Kivik Lir
3413,Lesser Arena of Kivik Lir
3414,Arena of Kivik Lir
3415,Greater Arena of Kivik Lir
3416,Gallery of Kivik Lir
3417,Gallery of Kivik Lir
3418,Gallery of Kivik Lir
3419,Crypt of Kivik Lir
3420,Lesser Haven of Kivik Lir
3421,Haven of Kivik Lir
3422,Greater Haven of Kivik Lir
3423,Trials of Kivik Lir
3424,Triumph Against the Trials
3425,Lyceum of Kivik Lir
3426,Greater Withering
3427,Lesser Withering
3428,Withering
3429,Kivik Lir's Venom
3430,Inferior Scourge Aegis
3431,Lesser Scourge Aegis
3432,Scourge Aegis
3433,Decay
3434,Eyes Beyond the Mist
3435,Greater Mucor Blight
3436,Lesser Eyes Beyond the Mist
3437,Lesser Mucor Blight
3438,Minor Eyes Beyond the Mist
3439,Mucor Blight
3440,Health of the Lugian
3441,Insight of the Lugian
3442,Stamina of the Lugian
3443,Blight of the Swamp
3444,Justice of The Sleeping One
3445,The Sleeping One's Purge
3446,Wrath of the Swamp
3447,Asphyxiating Spore Cloud
3448,Mass Blood Affliction
3449,Mass Blood Disease
3450,Cloud of Mold Spores
3451,Concussive Belch
3452,Concussive Wail
3453,Feelun Blight
3454,Wrath of the Feelun
3455,Koruu Cloud
3456,Koruu's Wrath
3457,Mana Bolt
3458,Mana Purge
3459,Mucor Cloud
3460,Dissolving Vortex
3461,Batter Flesh
3462,Canker Flesh
3463,Char Flesh
3464,Numb Flesh
3465,Blood Affliction
3466,Blood Disease
3467,Choking Spores
3468,Mold Spores
3469,Parasitic Affliction
3470,Lesser Endless Well
3471,The Endless Well
3472,Greater Endless Well
3473,Superior Endless Well
3474,Lesser Soothing Wind
3475,The Soothing Wind
3476,Greater Soothing Wind
3477,Superior Soothing Wind
3478,Lesser Golden Wind
3479,The Golden Wind
3480,Greater Golden Wind
3481,Superior Golden Wind
3482,Izji Qo's Antechamber
3483,Izji Qo's Defenders
3484,Izji Qo's Defenders
3485,Izji Qo's Defenders
3486,Into the Receiving Chamber
3487,Into the Receiving Chamber
3488,Into the Receiving Chamber
3489,Into the Receiving Chamber
3490,Into the Receiving Chamber
3491,Into the Receiving Chamber
3492,Into the Receiving Chamber
3493,Into the Receiving Chamber
3494,Izji Qo's Crypt
3495,Izji Qo's Test
3496,Inzji Qo's Test
3497,Izji Qo's Test
3498,Disintegrated
3527,Intoxication I
3528,Intoxication II
3529,Intoxication III
3530,Ketnan's Eye
3531,Bobo's Quickening
3532,Bobo's Focused Blessing
3533,Brighteyes' Favor
3534,Free Ride to the K'nath Lair
3535,Free Ride to Sanamar
3536,Portal Sending
3537,Portal Sending
3538,Portal Sending
3539,Portal Sending
3540,Portal Sending
3541,Portal Sending
3542,Portal Sending
3543,Portal Sending
3544,Portal Sending
3545,Portal Sending
3546,Portal Sending
3547,Portal Sending
3548,Portal Sending
3549,Portal Sending
3550,Portal Sending
3551,Portal Sending
3552,Portal Sending
3553,Portal Sending
3554,Portal Sending
3555,Portal Sending
3556,Portal Sending
3557,Portal Sending
3558,Portal Sending
3559,Portal Sending
3560,Portal Sending
3561,Portal Sending
3562,Portal Sending
3563,Portal Sending
3564,Portal Sending
3565,Portal Sending
3566,Portal Sending
3567,Fiun Flee
3568,Fiun Efficiency
3569,Mana Boost
3570,Stamina Boost
3571,Health Boost
3572,Inner Brilliance
3573,Inner Might
3574,Inner Will
3575,Perfect Balance
3576,Perfect Health
3577,Perfect Speed
3578,Depths of Liazk Itzi's Temple
3579,Underpassage of Liazk Itzi's Temple
3580,Center of Liazk Itzi's Temple
3581,Secrets of Liazk Itzi's Temple
3582,Eaten!
3583,Regurgitated
3584,Qin Xikit's Receiving Chamber
3585,Eaten!
3586,Qin Xikit's Antechamber
3587,Portal Sending
3588,Secrets of Qin Xikit's Temple
3589,Qin Xikit's Tomb
3590,Regurgitated!
3591,Access to Xi Ru's Font
3592,Qin Xikit's Island
3593,Eaten!
3594,Underpassage of Hizk Ri's Temple
3595,Underpassage of Hizk Ri's Temple
3596,Center of Hizk Ri's Temple
3597,Secrets of Hizk Ri's Temple
3598,Regurgitated
3599,Eaten!
3600,Depths of Ixir Zi's Temple
3601,Underpassage of Ixir Zi's Temple
3602,Center of Ixir Zi's Temple
3603,Secrets of Ixir Zi's Temple
3604,Regurgitated
3605,Portal to Cragstone
3606,Eaten!
3607,Depth's of Izji Qo's Temple
3608,Underpassage of Izji Qo's Temple
3609,Center of Izji Qo's Temple
3610,Secrets of Izji Qo's Temple
3611,Regurgitated
3612,Eaten!
3613,Regurgitated
3614,Underpassage of Kivik Lir's Temple
3615,Center of Kivik Lir's Temple
3616,Secrets of Kivik Lir's Temple
3617,Depths of Kivik Lir's Temple
3618,Portal to Western Aphus Lassel
3619,Portal to the Black Death Catacombs
3620,Portal to Black Spawn Den
3621,Portal to Black Spawn Den
3622,Portal to Black Spawn Den
3623,Portal to Center of the Obsidian Plains
3624,Portal to Hills Citadel
3625,Portal to the Kara Wetlands
3626,Portal to the Marescent Plateau Base
3627,Portal to Neydisa Castle
3628,Portal to the Northern Landbridge
3629,Portal to the Olthoi Horde Nest
3630,Portal to the Olthoi North
3631,Portal to the Renegade Fortress
3632,Portal to Ridge Citadel
3633,Portal to the Southern Landbridge
3634,Portal To Valley of Death
3635,Portal to Wilderness Citadel
3636,Kern's Boon
3637,Ranger's Boon
3638,Ranger's Boon
3639,Ranger's Boon
3640,Enchanter's Boon
3641,Hieromancer's Boon
3642,Fencer's Boon
3643,Life Giver's Boon
3644,Kern's Boon
3645,Kern's Boon
3646,Kern's Boon
3647,Kern's Boon
3648,Soldier's Boon
3649,Aerfalle's Embrace
3650,Aerfalle's Enforcement
3651,Aerfalle's Gaze
3652,Aerfalle's Touch
3679,Prodigal Acid Bane
3680,Prodigal Acid Protection
3681,Prodigal Alchemy Mastery
3682,Prodigal Arcane Enlightenment
3683,Prodigal Armor Expertise
3684,Prodigal Armor
3685,Prodigal Light Weapon Mastery
3686,Prodigal Blade Bane
3687,Prodigal Blade Protection
3688,Prodigal Blood Drinker
3689,Prodigal Bludgeon Bane
3690,Prodigal Bludgeon Protection
3691,Prodigal Missile Weapon Mastery
3692,Prodigal Cold Protection
3693,Prodigal Cooking Mastery
3694,Prodigal Coordination
3695,Prodigal Creature Enchantment Mastery
3696,Prodigal Missile Weapon Mastery
3697,Prodigal Finesse Weapon Mastery
3698,Prodigal Deception Mastery
3699,Prodigal Defender
3700,Prodigal Endurance
3701,Prodigal Fealty
3702,Prodigal Fire Protection
3703,Prodigal Flame Bane
3704,Prodigal Fletching Mastery
3705,Prodigal Focus
3706,Prodigal Frost Bane
3707,Prodigal Healing Mastery
3708,Prodigal Heart Seeker
3709,Prodigal Hermetic Link
3710,Prodigal Impenetrability
3711,Prodigal Impregnability
3712,Prodigal Invulnerability
3713,Prodigal Item Enchantment Mastery
3714,Prodigal Item Expertise
3715,Prodigal Jumping Mastery
3716,Prodigal Leadership Mastery
3717,Prodigal Life Magic Mastery
3718,Prodigal Lightning Bane
3719,Prodigal Lightning Protection
3720,Prodigal Lockpick Mastery
3721,Prodigal Light Weapon Mastery
3722,Prodigal Magic Item Expertise
3723,Prodigal Magic Resistance
3724,Prodigal Mana Conversion Mastery
3725,Prodigal Mana Renewal
3726,Prodigal Monster Attunement
3727,Prodigal Person Attunement
3728,Prodigal Piercing Bane
3729,Prodigal Piercing Protection
3730,Prodigal Quickness
3731,Prodigal Regeneration
3732,Prodigal Rejuvenation
3733,Prodigal Willpower
3734,Prodigal Light Weapon Mastery
3735,Prodigal Spirit Drinker
3736,Prodigal Sprint
3737,Prodigal Light Weapon Mastery
3738,Prodigal Strength
3739,Prodigal Swift Killer
3740,Prodigal Heavy Weapon Mastery
3741,Prodigal Missile Weapon Mastery
3742,Prodigal Light Weapon Mastery
3743,Prodigal War Magic Mastery
3744,Prodigal Weapon Expertise
3745,Inferior Inferno Aegis
3746,Inferno Aegis
3747,Lesser Inferno Aegis
3748,Master Salvager's Greater Boon
3749,Master Alchemist's Boon
3750,Master Alchemist's Greater Boon
3751,Master Chef's Boon
3752,Master Chef's Greater Boon
3753,Fletching Master's Boon
3754,Fletching Master's Greater Boon
3755,Master Lockpicker's Boon
3756,Master Lockpicker's Greater Boon
3757,Master Salvager's Boon
3758,Inky Armor
3759,Mana Giver
3760,Culinary Ecstasy
3761,Fiun Resistance
3762,Defiled Temple Portal Sending
3763,Balloon Ride
3764,Summons a portal to the Banderling Shrine
3765,Entry to the Mausoleum of Bitterness
3766,Entry to the Mausoleum of Bitterness
3767,Entry to the Mausoleum of Bitterness
3768,Bitter Punishment
3769,Entry to the Mausoleum of Anger
3770,Entry to the Mausoleum of Anger
3771,Entry to the Mausoleum of Anger
3772,Entry to the Mausoleum of Anger
3773,Entry to the Mausoleum of Anger
3774,Entry to the Mausoleum of Anger
3775,Angry Punishment
3776,Entry to the Mausoleum of Cruelty
3777,Entry to the Mausoleum of Cruelty
3778,Entry to the Mausoleum of Cruelty
3779,Entry to the Mausoleum of Cruelty
3780,Entry to the Mausoleum of Cruelty
3781,Entry to the Mausoleum of Cruelty
3782,Cruel Punishment
3783,Entry to the Accursed Mausoleum of Bitterness
3784,Entry to the Accursed Mausoleum of Bitterness
3785,Entry to the Accursed Mausoleum of Bitterness
3786,Entry to the Accursed Mausoleum of Bitterness
3787,Entry to the Accursed Mausoleum of Bitterness
3788,Entry to the Accursed Mausoleum of Bitterness
3789,Slaughter Punishment
3790,Entry to the Unholy Mausoleum of Bitterness
3791,Entry to the Unholy Mausoleum of Bitterness
3792,Entry to the Unholy Mausoleum of Bitterness
3793,Entry to the Unholy Mausoleum of Bitterness
3794,Entry to the Unholy Mausoleum of Bitterness
3795,Entry to the Unholy Mausoleum of Bitterness
3796,Entry to the Mausoleum of Bitterness
3797,Entry to the Mausoleum of Bitterness
3798,Entry to the Mausoleum of Bitterness
3799,Black Marrow Bliss
3800,Burning Spirit
3801,Shadow Touch
3802,Shadow Reek
3803,Shadow Shot
3804,Shadow Shot
3805,Acid Ring
3806,Flame Ring
3807,Force Ring
3808,Lightning Ring
3809,Minor Salvaging Aptitude
3810,Asheron’s Benediction
3811,Blackmoor’s Favor
3812,Tursh's Lair
3813,Free Ride to Shoushi
3814,Free Ride to Yaraq
3815,Free Ride to Holtburg
3816,Marksman's Ken
3817,Hunter's Ward
3818,Curse of Raven Fury
3819,Conscript's Might
3820,Conscript's Ward
3821,Augur's Will
3822,Augur's Glare
3823,Augur's Ward
3824,Marksman's Ken
3825,Marksman's Ken
3826,a powerful force
3827,Lunnum's Embrace
3828,Rage of Grael
3829,Blessing of the Sundew
3830,Blessing of the Fly Trap
3831,Blessing of the Pitcher Plant
3832,Master's Voice
3833,Minor Salvaging Aptitude
3834,Major Salvaging Aptitude
3835,Leviathan's Curse
3836,Breath of the Deep
3837,Water Island Access
3838,Abandoned Mines Portal Sending
3839,Brilliant Access
3840,Dazzling Access
3841,Devastated Access
3842,Northeast Coast Portal Sending
3843,Fire Island Access
3844,Gatekeeper Access
3845,Radiant Access
3846,Ruined Access
3847,Cataracts of Xik Minru
3848,Combat Medication
3849,Night Runner
3850,Selflessness
3851,Corrupted Essence
3852,Ravenous Armor
3853,Ardent Defense
3854,True Loyalty
3855,Flight of Bats
3856,Ulgrim's Recall
3857,Pumpkin Rain
3858,Pumpkin Ring
3859,Pumpkin Wall
3860,Sweet Speed
3861,Taste for Blood
3862,Duke Raoul's Pride
3863,Hunter's Hardiness
3864,Zongo's Fist
3865,Glenden Wood Recall
3866,Glacial Speed
3867,Embrace of the Chill Shadow
3868,Dardante's Keep Portal Sending
3869,Invocation of the Black Book
3870,Syphon Creature Essence
3871,Syphon Item Essence
3872,Syphon Life Essence
3873,Essence's Command
3874,Death's Aura
3875,Acidic Curse
3876,Curse of the Blades
3877,Corrosive Strike
3878,Incendiary Strike
3879,Glacial Strike
3880,Galvanic Strike
3881,Corrosive Ring
3882,Incendiary Ring
3883,Pyroclastic Explosion
3884,Glacial Ring
3885,Galvanic Ring
3886,Magic Disarmament
3887,Entering the Hatch
3888,Passage to the Rare Chambers
3889,Inner Burial Chamber Portal Sending
3890,Will of the People
3891,Honor of the Bull
3892,Summon Flame Seekers
3893,Summon Burning Haze
3894,Dark Persistence
3895,Dark Reflexes
3896,Dark Equilibrium
3897,Dark Purpose
3898,Pooky's Recall 1
3899,Pooky's Recall 2
3900,Pooky's Recall 3
3901,Egg Bomb
3902,Ring around the Rabbit
3903,Whirlwind
3904,Essence's Fury
3905,Essence's Fury
3906,Essence's Fury
3907,Essence's Fury
3908,Mana Blast
3909,Mana Syphon
3910,Brain Freeze
3911,Spiral of Souls
3912,Lower Black Spear Temple Portal Sending
3913,Aegis of the Golden Flame
3914,Dark Vortex
3915,Black Madness
3916,Flayed Flesh
3917,Numbing Chill
3918,Flammable
3919,Lightning Rod
3920,Tunnels to the Harbinger
3921,Harbinger's Lair
3922,Tunnels to the Harbinger
3923,Tunnels to the Harbinger
3924,Tunnels to the Harbinger
3925,Harbinger's Lair
3926,Harbinger's Fiery Touch
3927,Charge Flesh
3928,Disarmament
3929,Rossu Morta Chapterhouse Recall
3930,Whispering Blade Chapterhouse Recall
3931,Dark Vortex
3932,Grael's Rage
3933,Black Spear Strike
3934,Heavy Acid Ring
3935,Heavy Blade Ring
3936,Fire Bomb
3937,Heavy Force Ring
3938,Heavy Frost Ring
3939,Thaumic Bleed
3940,Exsanguinating Wave
3941,Heavy Lightning Ring
3942,Heavy Shock Ring
3943,Burning Earth
3944,Rain of Spears
3945,Raging Storm
3946,Acid Wave
3947,Blade Wave
3948,Flame Wave
3949,Force Wave
3950,Frost Wave
3951,Lightning Wave
3952,Shock Waves
3953,Carraida’s Benediction
3954,Access to the White Tower
3955,Epic Bludgeon Ward
3956,Epic Piercing Ward
3957,Epic Slashing Ward
3958,White Tower Egress
3959,Redirect Motives
3960,Authority
3961,Defense of the Just
3962,Bound to the Law
3963,Epic Coordination
3964,Epic Focus
3965,Epic Strength
3966,Ringleader's Chambers
3967,Bandit Trap
3968,Bandit Hideout
3969,Acid Bomb
3970,Blade Bomb
3971,Fire Bomb
3972,Force Bomb
3973,Frost Bomb
3974,Lightning Bomb
3975,Shock Bomb
3976,Incantation of Armor Other
3977,Coordination Other Incantation
3978,Focus Other Incantation
3979,Strength Other Incantation
3980,Impenetrability Incantation
3981,Mana Renewal Other Incantation
3982,Regeneration Other Incantation
3983,Rejuvenation Other Incantation
3984,Mukkir's Ferocity
3985,Mukkir Sense
3986,Rock Fall
3987,Black Spear Strike
3988,Black Spear Strike
3989,Dark Lightning
3990,Heavy Frost Ring
3991,Thaumic Bleed
3992,Heavy Acid Ring
3993,Heavy Blade Ring
3994,Fire Bomb
3995,Heavy Force Ring
3996,Heavy Frost Ring
3997,Heavy Lightning Ring
3998,Dark Vortex
3999,Exsanguinating Wave
4000,Heavy Shock Ring
4001,Burning Earth
4002,Burning Earth
4003,Wall of Spears
4004,Wall of Spears
4005,Acid Wave
4006,Blade Wave
4007,Flame Wave
4008,Force Wave
4009,Frost Wave
4010,Lightning Wave
4011,Shock Waves
4012,White Totem Temple Sending
4013,Black Totem Temple Sending
4014,Abyssal Totem Temple Sending
4015,Ruschk Skin
4016,Shadow's Heart
4017,Phial's Accuracy
4018,Permafrost
4019,Epic Quickness
4020,Epic Deception Prowess
4021,Flurry of Stars
4022,Zombies Persistence
4023,Disco Inferno Portal Sending
4024,Asheron’s Lesser Benediction
4025,Cast Iron Stomach
4026,Hematic Verdure
4027,Messenger's Stride
4028,Snowball
4029,Return to the Hall of Champions
4030,Colosseum Arena
4031,Advanced Colosseum Arena
4032,Colosseum Arena
4033,Advanced Colosseum Arena
4034,Colosseum Arena
4035,Advanced Colosseum Arena
4036,Colosseum Arena
4037,Advanced Colosseum Arena
4038,Colosseum Arena
4039,Advanced Colosseum Arena
4040,Master's Innervation
4041,The Path to Bur
4042,The Winding Path to Bur
4043,Kukuur Hide
4044,Acid Ball
4045,Flame Ball
4046,Lightning Ball
4047,Artisan Alchemist's Inspiration
4048,Artisan Cook's Inspiration
4049,Artisan Fletcher's Inspiration
4050,Artisan Lockpicker's Inspiration
4051,Master Alchemist's Inspiration
4052,Master Cook's Inspiration
4053,Master Fletcher's Inspiration
4054,Master Lockpicker's Inspiration
4055,Journeyman Alchemist's Inspiration
4056,Journeyman Cook's Inspiration
4057,Journeyman Fletcher's Inspiration
4058,Journeyman Lockpicker's Inspiration
4059,Endurance Other Incantation
4060,Quickness Other Incantation
4061,Willpower Other Incantation
4062,Empyrean Aegis
4063,Exit the Upper Catacomb
4064,Access the Upper Catacomb
4065,Lower Catacomb Portal Sending
4066,Access to the Ley Line Cavern
4067,Mucor Bolt
4068,Mucor Mana Well
4069,Mucor Jolt
4070,Empyrean Mana Absorbtion
4071,Empyrean Stamina Absorbtion
4072,Aurlanaa's Resolve
4073,Empyrean Regeneration
4074,Empyrean Rejuvenation
4075,Empyrean Mana Renewal
4076,Empyrean Enlightenment
4077,Mana Conversion Mastery Incantation
4078,Egg
4079,Work it Off
4080,Paid in Full
4081,Eye of the Tempest
4082,Big Fire
4083,Kresovus' Warren Portal Sending
4084,Bur Recall
4085,Entering Harraag's Hideout
4086,Icy Shield
4087,Armor Breach
4088,Withering Poison
4089,Assassin's Gift
4090,Scarab's Shell
4091,Spear
4092,Flame Grenade
4093,Don't Bite Me
4094,Don't Burn Me
4095,Don't Stab Me
4096,Flame Chain
4097,Violet Rain
4098,Treasure Room
4099,Strength of Diemos
4100,Breath of Renewal
4101,Champion's Skullduggery
4102,Champion's Clever Ruse
4103,Black Water Portal Sending
4104,Champion Arena
4105,Champion Arena
4106,Travel to the Paradox-touched Olthoi Queen's Lair
4107,Marrow Blight
4108,Apathy
4109,Greater Marrow Blight
4110,Poison
4111,Lesser Tusker Hide
4112,Spirit Nullification
4113,FoulRing
4114,Hypnotic Suggestion
4115,Mesmerizing Gaze
4116,Trance
4117,Dark Shield
4118,Dark Shield
4119,Dark Shield
4120,Dark Shield
4121,Dark Shield
4122,Dark Shield
4123,Dark Shield
4124,Dark Nanners
4125,Dark Nanners
4126,Rain of Nanners
4127,Portal Punch
4128,Call of the Mhoire Forge
4129,Travel to the Prodigal Shadow Child's Lair
4130,Travel to the Prodigal Shadow Child's Sanctum
4131,Spectral Light Weapon Mastery
4132,Spectral Blood Drinker
4133,Spectral Missile Weapon Mastery
4134,Spectral Missile Weapon Mastery
4135,Spectral Finesse Weapon Mastery
4136,Spectral Light Weapon Mastery
4137,Spectral Light Weapon Mastery
4138,Spectral Light Weapon Mastery
4139,Spectral Heavy Weapon Mastery
4140,Spectral Missile Weapon Mastery
4141,Spectral Light Weapon Mastery
4142,Spectral War Magic Mastery
4143,Witnessing History
4144,Witnessing History
4145,Crossing the Threshold of Darkness
4146,Crossing the Threshold of Darkness
4147,Crossing the Threshold of Darkness
4148,Crossing the Threshold of Darkness
4149,Crossing the Threshold of Darkness
4150,Expulsion from Claude's Mind
4151,Sending to the Other World
4152,Sending to the Other World
4153,Sending to the Other World
4154,Sending to the Other World
4155,Sending to the Other World
4156,Delving into Claude's Mind
4157,Delving into Claude's Mind
4158,Delving into Claude's Mind
4159,Delving into Claude's Mind
4160,Delving into Claude's Mind
4161,Exploring the Past
4162,Exploring the Past
4163,Exploring the Past
4164,Exploring the Past
4165,Exploring the Past
4166,Witnessing History
4167,Witnessing History
4168,Witnessing History
4169,Harbinger Blood Infusion
4170,Harbinger's Coordination
4171,Harbinger's Endurance
4172,Harbinger's Focus
4173,Harbinger's Quickness
4174,Harbinger's Strength
4175,Harbinger's Willpower
4176,Prodigal Harbinger's Lair
4177,Prodigal Harbinger's Antechamber
4178,Prodigal Harbinger's Antechamber
4179,Prodigal Harbinger's Antechamber
4180,Prodigal Harbinger's Antechamber
4181,Essence Bolt
4182,Ball Lightning
4183,Corrosive Veil
4184,Essence Bolt
4185,Essence Bolt
4186,Hoar Frost
4187,Essence Bolt
4188,Shadowed Flame
4189,Harbinger Acid Protection
4190,Harbinger Cold Protection
4191,Harbinger Flame Protection
4192,Harbinger Lightning Protection
4193,Harbinger Magic Defense
4194,Magical Void
4195,Harbinger Melee Defense
4196,Harbinger Missile Defense
4197,Naked to the Elements
4198,Paradox-touched Olthoi Infested Area Recall
4199,Frozen Armor
4200,Into the Darkness
4201,Numbing Chill
4202,Trevor's Zombie Strike
4203,Dark Crypt Entrance
4204,Dark Crypt Entrance
4205,Dark Crypt Entrance
4206,Chewy Center
4207,Arena of the Pumpkin King
4208,Spectral Flame
4209,Gummy Shield
4210,The Jitters
4211,Licorice Leap
4212,Sticky Melee
4213,Colosseum Recall
4214,Return to the Keep
4215,Shadow Armor
4216,Frost Wave
4217,Gourd Guard
4218,Knockback
4219,Trial of the Arm
4220,Trial of the Heart
4221,Spectral Life Magic Mastery
4222,Chambers Beneath
4223,Trials Graduation Chamber
4224,Trial of the Mind
4225,Trials of the Arm
4226,Epic Endurance
4227,Epic Willpower
4228,Awakening
4229,Journey Into the Past
4230,Bael'Zharon Dream Sending
4231,Leadership Mastery Other Incantation
4232,Epic Leadership
4233,Aerbax Recall Center Platform
4234,Aerbax Recall East Platform
4235,Aerbax Recall North Platform
4236,Aerbax Recall South Platform
4237,Aerbax Recall West Platform
4238,Aerbax Expulsion
4239,Ring of Death
4240,Aerbax's Magic Shield
4241,Aerbax Magic Shield Down
4242,Aerbax's Melee Shield
4243,Aerbax Melee Shield Down
4244,Aerbax's Missile Shield
4245,Aerbax Missile Shield Down
4246,MeteorStrike
4247,Tanada Battle Burrows Portal Sending
4248,Shroud Cabal North Outpost Sending
4249,Shroud Cabal South Outpost Sending
4250,Aerbax's Platform
4251,Jester's Boot
4252,Entrance to the Jester's Cell
4253,Entrance to the Jester's Cell
4254,Jester's Prison Hallway
4255,Jester's Prison Entryway
4256,Jester Recall 1
4257,Jester Recall 2
4258,Jester Recall 3
4259,Jester Recall 4
4260,Jester Recall 5
4261,Jester Recall 6
4262,Jester Recall 7
4263,Jester Recall 8
4264,Arcane Death
4265,Arcane Pyramid
4266,Blood Bolt
4267,Cow
4268,Fireworks
4269,Present
4270,Table
4271,Acid Whip
4272,Razor Whip
4273,Spray of Coins
4274,Flame Whip
4275,Electric Whip
4276,Jester's Malevolent Eye
4277,Jester's Prison Access
4278,Rytheran's Library Portal Sending
4280,Deck of Hands Favor
4281,Deck of Eyes Favor
4282,Arcane Death
4283,Arcane Death
4284,Harm Self
4285,Harm Self
4286,Harm Self
4287,Harm Self
4288,Harm Self
4289,Access the Messenger's Sanctuary
4330,Incantation of Nullify All Magic Other
4331,Incantation of Nullify All Magic Self
4351,Incantation of Greater Alacrity of the Conclave
4352,Incantation of Greater Vivify the Conclave
4353,Incantation of Greater Acumen of the Conclave
4354,Incantation of Greater Speed the Conclave
4355,Incantation of Greater Volition of the Conclave
4356,Incantation of Greater Empowering the Conclave
4357,Incantation of Greater Corrosive Ward
4358,Incantation of Greater Scythe Ward
4359,Incantation of Greater Flange Ward
4360,Incantation of Greater Frore Ward
4361,Incantation of Greater Inferno Ward
4362,Incantation of Greater Voltaic Ward
4363,Incantation of Greater Lance Ward
4364,Incantation of Greater Endless Well
4365,Incantation of Greater Soothing Wind
4366,Incantation of Greater Golden Wind
4367,Incantation of Greater Conjurant Chant
4368,Incantation of Warden of the Clutch
4369,Incantation of Guardian of the Clutch
4370,Incantation of Greater Artificant Chant
4371,Incantation of Greater Vitaeic Chant
4372,Incantation of Sanctifier of the Clutch
4373,Incantation of Greater Conveyic Chant
4374,Incantation of Greater Hieromantic Chant
4375,Incantation of Blossom Black Firework OUT
4376,Incantation of Blossom Blue Firework OUT
4377,Incantation of Blossom Green Firework OUT
4378,Incantation of Blossom Orange Firework OUT
4379,Incantation of Blossom Purple Firework OUT
4380,Incantation of Blossom Red Firework OUT
4381,Incantation of Blossom White Firework OUT
4382,Incantation of Blossom Yellow Firework OUT
4383,Incantation of Blossom Black Firework UP
4384,Incantation of Blossom Blue Firework UP
4385,Incantation of Blossom Green Firework UP
4386,Incantation of Blossom Orange Firework UP
4387,Incantation of Blossom Purple Firework UP
4388,Incantation of Blossom Red Firework UP
4389,Incantation of Blossom White Firework UP
4390,Incantation of Blossom Yellow Firework UP
4660,Epic Acid Bane
4661,Epic Blood Thirst
4662,Epic Bludgeoning Bane
4663,Epic Defender
4664,Epic Flame Bane
4665,Epic Frost Bane
4666,Epic Heart Thirst
4667,Epic Impenetrability
4668,Epic Piercing Bane
4669,Epic Slashing Bane
4670,Epic Spirit Thirst
4671,Epic Storm Bane
4672,Epic Swift Hunter
4673,Epic Acid Ward
4674,Epic Bludgeoning Ward
4675,Epic Flame Ward
4676,Epic Frost Ward
4677,Epic Piercing Ward
4678,Epic Slashing Ward
4679,Epic Storm Ward
4680,Epic Health Gain
4681,Epic Mana Gain
4682,Epic Stamina Gain
4683,Epic Alchemical Prowess
4684,Epic Arcane Prowess
4685,Epic Armor Tinkering Expertise
4686,Epic Light Weapon Aptitude
4687,Epic Missile Weapon Aptitude
4688,Epic Cooking Prowess
4689,Epic Creature Enchantment Aptitude
4690,Epic Missile Weapon Aptitude
4691,Epic Finesse Weapon Aptitude
4692,Epic Fealty
4693,Epic Fletching Prowess
4694,Epic Healing Prowess
4695,Epic Impregnability
4696,Epic Invulnerability
4697,Epic Item Enchantment Aptitude
4698,Epic Item Tinkering Expertise
4699,Epic Jumping Prowess
4700,Epic Life Magic Aptitude
4701,Epic Lockpick Prowess
4702,Epic Light Weapon Aptitude
4703,Epic Magic Item Tinkering Expertise
4704,Epic Magic Resistance
4705,Epic Mana Conversion Prowess
4706,Epic Monster Attunement
4707,Epic Person Attunement
4708,Epic Salvaging Aptitude
4709,Epic Light Weapon Aptitude
4710,Epic Sprint
4711,Epic Light Weapon Aptitude
4712,Epic Heavy Weapon Aptitude
4713,Epic Missile Weapon Aptitude
4714,Epic Light Weapon Aptitude
4715,Epic War Magic Aptitude
4716,Burning Curse
4717,Expedient Return to Ulgrim
4718,Welcomed by the Blood Witches
4719,Welcomed by the Blood Witches
4720,Welcomed by the Blood Witches
4721,Travel to the Ruins of Degar'Alesh
4722,Bleed Other
4723,Bleed Self
4724,Gateway to Nyr'leha
4725,The Pit of Heretics
4726,Poison
4727,Poison
4728,Poison
4729,Travel to the Catacombs of Tar'Kelyn
4730,Novice Duelist's Coordination
4731,Apprentice Duelist's Coordination
4732,Journeyman Duelist's Coordination
4733,Master Duelist's Coordination
4734,Novice Hero's Endurance
4735,Apprentice Hero's Endurance
4736,Journeyman Hero's Endurance
4737,Master Hero's Endurance
4738,Novice Sage's Focus
4739,Apprentice Sage's Focus
4740,Journeyman Sage's Focus
4741,Master Sage's Focus
4742,Novice Rover's Quickness
4743,Apprentice Rover's Quickness
4744,Journeyman Rover's Quickness
4745,Master Rover's Quickness
4746,Novice Brute's Strength
4747,Apprentice Brute's Strength
4748,Journeyman Brute's Strength
4749,Master Brute's Strength
4750,Novice Adherent's Willpower
4751,Apprentice Adherent's Willpower
4752,Journeyman Adherent's Willpower
4753,Master Adherent's Willpower
4754,Apprentice Survivor's Health
4755,Journeyman Survivor's Health
4756,Apprentice Clairvoyant's Mana
4757,Journeyman Clairvoyant's Mana
4758,Apprentice Tracker's Stamina
4759,Journeyman Tracker's Stamina
4760,Incidental Acid Resistance
4761,Crude Acid Resistance
4762,Effective Acid Resistance
4763,Masterwork Acid Resistance
4764,Incidental Bludgeoning Resistance
4765,Crude Bludgeoning Resistance
4766,Effective Bludgeoning Resistance
4767,Masterwork Bludgeoning Resistance
4768,Incidental Flame Resistance
4769,Crude Flame Resistance
4770,Effective Flame Resistance
4771,Masterwork Flame Resistance
4772,Incidental Frost Resistance
4773,Crude Frost Resistance
4774,Effective Frost Resistance
4775,Masterwork Frost Resistance
4776,Incidental Lightning Resistance
4777,Crude Lightning Resistance
4778,Effective Lightning Resistance
4779,Masterwork Lightning Resistance
4780,Incidental Piercing Resistance
4781,Crude Piercing Resistance
4782,Effective Piercing Resistance
4783,Masterwork Piercing Resistance
4784,Incidental Slashing Resistance
4785,Crude Slashing Resistance
4786,Effective Slashing Resistance
4787,Masterwork Slashing Resistance
4788,Novice Concoctor's Alchemy Aptitude
4789,Apprentice Concoctor's Alchemy Aptitude
4790,Journeyman Concoctor's Alchemy Aptitude
4791,Master Concoctor's Alchemy Aptitude
4792,Novice Armorer's Armor Tinkering Aptitude
4793,Apprentice Armorer's Armor Tinkering Aptitude
4794,Journeyman Armorer's Armor Tinkering Aptitude
4795,Master Armorer's Armor Tinkering Aptitude
4796,Novice Soldier's Light Weapon Aptitude
4797,Apprentice Soldier's Light Weapon Aptitude
4798,Journeyman Soldier's Light Weapon Aptitude
4799,Master Soldier's Light Weapon Aptitude
4800,Novice Archer's Missile Weapon Aptitude
4801,Apprentice Archer's Missile Weapon Aptitude
4802,Journeyman Archer's Missile Weapon Aptitude
4803,Master Archer's Missile Weapon Aptitude
4804,Novice Chef's Cooking Aptitude
4805,Apprentice Chef's Cooking Aptitude
4806,Journeyman Chef's Cooking Aptitude
4807,Master Chef's Cooking Aptitude
4808,Novice Enchanter's Creature Aptitude
4809,Apprentice Enchanter's Creature Aptitude
4810,Journeyman Enchanter's Creature Aptitude
4811,Master Enchanter's Creature Aptitude
4812,Novice Archer's Missile Weapon Aptitude
4813,Apprentice Archer's Missile Weapon Aptitude
4814,Journeyman Archer's Missile Weapon Aptitude
4815,Master Archer's Missile Weapon Aptitude
4816,Novice Soldier's Finesse Weapon Aptitude
4817,Apprentice Soldier's Finesse Weapon Aptitude
4818,Journeyman Soldier's Finesse Weapon Aptitude
4819,Master Soldier's Finesse Weapon Aptitude
4820,Novice Huntsman's Fletching Aptitude
4821,Apprentice Huntsman's Fletching Aptitude
4822,Journeyman Huntsman's Fletching Aptitude
4823,Master Huntsman's Fletching Aptitude
4824,Novice Artifex's Item Aptitude
4825,Apprentice Artifex's Item Aptitude
4826,Journeyman Artifex's Item Aptitude
4827,Master Artifex's Item Aptitude
4828,Novice Inventor's Item Tinkering Aptitude
4829,Apprentice Inventor's Item Tinkering Aptitude
4830,Journeyman Inventor's Item Tinkering Aptitude
4831,Master Inventor's Item Tinkering Aptitude
4832,Novice Leaper's Jumping Aptitude
4833,Apprentice Leaper's Jumping Aptitude
4834,Journeyman Leaper's Jumping Aptitude
4835,Master Leaper's Jumping Aptitude
4836,Novice Theurge's Life Magic Aptitude
4837,Apprentice Theurge's Life Magic Aptitude
4838,Journeyman Theurge's Life Magic Aptitude
4839,Master Theurge's Life Magic Aptitude
4840,Novice Locksmith's Lockpick Aptitude
4841,Apprentice Locksmith's Lockpick Aptitude
4842,Journeyman Locksmith's Lockpick Aptitude
4843,Master Locksmith's Lockpick Aptitude
4844,Yeoman's Loyalty
4845,Squire's Loyalty
4846,Novice Soldier's Light Weapon Aptitude
4847,Apprentice Soldier's Light Weapon Aptitude
4848,Journeyman Soldier's Light Weapon Aptitude
4849,Master Soldier's Light Weapon Aptitude
4850,Novice Negator's Magic Resistance
4851,Apprentice Negator's Magic Resistance
4852,Journeyman Negator's Magic Resistance
4853,Master Negator's Magic Resistance
4854,Novice Arcanist's Magic Item Tinkering Aptitude
4855,Apprentice Arcanist's Magic Item Tinkering Aptitude
4856,Journeyman Arcanist's Magic Item Tinkering Aptitude
4857,Master Arcanist's Magic Item Tinkering Aptitude
4858,Novice Guardian's Invulnerability
4859,Apprentice Guardian's Invulnerability
4860,Journeyman Guardian's Invulnerability
4861,Master Guardian's Invulnerability
4862,Novice Wayfarer's Impregnability
4863,Apprentice Wayfarer's Impregnability
4864,Journeyman Wayfarer's Impregnability
4865,Master Wayfarer's Impregnability
4866,Novice Scavenger's Salvaging Aptitude
4867,Apprentice Scavenger's Salvaging Aptitude
4868,Novice Soldier's Light Weapon Aptitude
4869,Apprentice Soldier's Light Weapon Aptitude
4870,Journeyman Soldier's Light Weapon Aptitude
4871,Master Soldier's Light Weapon Aptitude
4872,Novice Messenger's Sprint Aptitude
4873,Apprentice Messenger's Sprint Aptitude
4874,Journeyman Messenger's Sprint Aptitude
4875,Master Messenger's Sprint Aptitude
4876,Novice Soldier's Light Weapon Aptitude
4877,Apprentice Soldier's Light Weapon Aptitude
4878,Journeyman Soldier's Light Weapon Aptitude
4879,Master Soldier's Light Weapon Aptitude
4880,Novice Soldier's Heavy Weapon Aptitude
4881,Apprentice Soldier's Heavy Weapon Aptitude
4882,Journeyman Soldier's Heavy Weapon Aptitude
4883,Master Soldier's Heavy Weapon Aptitude
4884,Novice Archer's Missile Weapon Aptitude
4885,Apprentice Archer's Missile Weapon Aptitude
4886,Journeyman Archer's Missile Weapon Aptitude
4887,Master Archer's Missile Weapon Aptitude
4888,Novice Soldier's Light Weapon Aptitude
4889,Apprentice Soldier's Light Weapon Aptitude
4890,Journeyman Soldier's Light Weapon Aptitude
4891,Master Soldier's Light Weapon Aptitude
4892,Novice Warlock's War Magic Aptitude
4893,Apprentice Warlock's War Magic Aptitude
4894,Journeyman Warlock's War Magic Aptitude
4895,Master Warlock's War Magic Aptitude
4896,Novice Swordsmith's Weapon Tinkering Aptitude
4897,Apprentice Swordsmith's Weapon Tinkering Aptitude
4898,Journeyman Swordsmith's Weapon Tinkering Aptitude
4899,Master Swordsmith's Weapon Tinkering Aptitude
4900,Society Initiate's Blessing
4901,Society Adept's Blessing
4902,Society Knight's Blessing
4903,Society Lord's Blessing
4904,Society Master's Blessing
4905,Novice Challenger's Rejuvenation
4906,Apprentice Challenger's Rejuvenation
4907,Celestial Hand Stronghold Recall
4908,Eldrytch Web Stronghold Recall
4909,Radiant Blood Stronghold Recall
4910,Raider Tag
4911,Epic Armor
4912,Epic Weapon Tinkering Expertise
4913,Aerlinthe Pyramid Portal Sending
4914,Aerlinthe Pyramid Portal Exit
4915,A'mun Pyramid Portal Sending
4916,A'mun Pyramid Portal Exit
4917,Esper Pyramid Portal Sending
4918,Esper Pyramid Portal Exit
4919,Halaetan Pyramid Portal Sending
4920,Halaetan Pyramid Portal Exit
4921,Linvak Pyramid Portal Sending
4922,Linvak Pyramid Portal Exit
4923,Obsidian Pyramid Portal Sending
4924,Obsidian Pyramid Portal Exit
4925,Dance
4926,Smite
4927,Incantation of Acid Stream with 300 Spellpower
4928,Incantation of Acid Stream with 350 Spellpower
4929,Harm
4930,Flame Bolt I
4931,Mini Fireball
4932,Mini Fireball
4933,Slowness
4934,Slowness
4935,Slowness
4936,Flame Bolt I
4937,Flame Bolt I
4938,Flame Bolt I
4939,Mini Uber
4940,Mini Ring
4941,Mini Ring
4942,Mini Ring
4943,Mini Fireball
4944,Slowness
4945,Flame Bolt I
4946,Mini Ring
4947,Harm
4948,Harm
4949,Harm
4950,Tactical Defense
4951,Tactical Defense
4952,Tactical Defense
4953,Test Portal
4954,Crystalline Portal
4955,Portal Space Eddy
4956,Tanada Sanctum Portal Sending
4957,Tanada Sanctum Return
4958,Greater Rockslide
4959,Lesser Rockslide
4960,Lesser Rockslide
4961,Lesser Rockslide
4962,Rockslide
4963,Rockslide
4964,Rockslide
4965,Greater Rockslide
4966,Greater Rockslide
4967,Cleansing Ring of Fire
4968,Ranger's Boon
4969,Ranger's Boon
4970,Ranger's Boon
4971,Enchanter's Boon
4972,Hieromancer's Boon
4973,Fencer's Boon
4974,Life Giver's Boon
4975,Kern's Boon
4976,Kern's Boon
4977,Kern's Boon
4978,Kern's Boon
4979,Soldier's Boon
4980,Kern's Boon
4981,Incantation of Stamina to Mana Self
4982,Nimble Fingers - Lockpick
4983,Nimble Fingers - Alchemy
4984,Nimble Fingers - Cooking
4985,Nimble Fingers - Fletching
4986,Assassin's Alchemy Kit
4987,Olthoi Spit
4988,Tunnel Out
4989,Mysterious Portal
4990,Floor Puzzle Bypass
4991,Jump Puzzle Bypass
4992,Direct Assassin Access
4993,Portal to Derethian Combat Arena
4994,Get over here!
4995,Portal to Derethian Combat Arena
4996,Portal to Derethian Combat Arena
4997,Portal to Derethian Combat Arena
4998,Arena Stamina
4999,Arena Life
5000,Arena Mana
5001,Arena Piercing Protection Other
5002,Arena Acid Protection Other
5003,Arena Blade Protection Other
5004,Arena Bludgeoning Protection Other
5005,Arena Cold Protection Other
5006,Arena Fire Protection Other
5007,Arena Lightning Protection Other
5008,Apostate Nexus Portal Sending
5009,Aerfalle's Greater Ward
5010,Entering Aerfalle's Sanctum
5011,Geomantic Raze
5012,Mar'uun
5013,Mar'uun
5014,Mar'uun
5015,Mar'uun
5016,Mar'uun
5017,Mar'uun
5018,Story of the Unknown Warrior
5019,Portalspace Rift
5020,Portalspace Rift
5021,Portalspace Rift
5022,Portalspace Rift
5023,Spectral Two Handed Combat Mastery
5024,Spectral Item Expertise
5025,Prodigal Item Expertise
5026,Prodigal Two Handed Combat Mastery
5027,Greater Cascade
5028,Lesser Cascade
5029,Cascade
5030,Two Handed Fighter's Boon
5031,Two Handed Fighter's Boon
5032,Incantation of Two Handed Combat Mastery Self
5033,Epic Item Tinkering Expertise
5034,Epic Two Handed Combat Aptitude
5035,Feeble Sword Aptitude
5036,Feeble Two Handed Combat Aptitude
5069,Major Item Tinkering Expertise
5070,Major Two Handed Combat Aptitude
5071,Minor Item Tinkering Expertise
5072,Minor Two Handed Combat Aptitude
5073,Moderate Item Tinkering Expertise
5074,Moderate Two Handed Combat Aptitude
5106,Master Inventor's Item Tinkering Aptitude
5107,Novice Soldier's Two Handed Combat Aptitude
5108,Apprentice Soldier's Two Handed Combat Aptitude
5109,Journeyman Soldier's Two Handed Combat Aptitude
5110,Master Soldier's Two Handed Combat Aptitude
5111,Novice Inventor's Item Tinkering Aptitude
5112,Apprentice Inventor's Item Tinkering Aptitude
5113,Journeyman Inventor's Item Tinkering Aptitude
5114,Expose Weakness VIII
5115,Expose Weakness I
5116,Expose Weakness II
5117,Expose Weakness III
5118,Expose Weakness IV
5119,Expose Weakness V
5120,Expose Weakness VI
5121,Expose Weakness VII
5122,Call of Leadership V
5123,Answer of Loyalty (Mana) I
5124,Answer of Loyalty (Mana) II
5125,Answer of Loyalty (Mana) III
5126,Answer of Loyalty (Mana) IV
5127,Answer of Loyalty (Mana) V
5128,Answer of Loyalty (Stamina) I
5129,Answer of Loyalty (Stamina) II
5130,Answer of Loyalty (Stamina) III
5131,Answer of Loyalty (Stamina) IV
5132,Answer of Loyalty (Stamina) V
5133,Call of Leadership I
5134,Call of Leadership II
5135,Call of Leadership III
5136,Call of Leadership IV
5137,Augmented Understanding III
5138,Augmented Damage I
5139,Augmented Damage II
5140,Augmented Damage III
5141,Augmented Damage Reduction I
5142,Augmented Damage Reduction II
5143,Augmented Damage Reduction III
5144,Augmented Health I
5145,Augmented Health II
5146,Augmented Health III
5147,Augmented Mana I
5148,Augmented Mana II
5149,Augmented Mana III
5150,Augmented Stamina I
5151,Augmented Stamina II
5152,Augmented Stamina III
5153,Augmented Understanding I
5154,Augmented Understanding II
5155,Virindi Whisper IV
5156,Virindi Whisper V
5157,Virindi Whisper I
5158,Virindi Whisper II
5159,Virindi Whisper III
5160,Mhoire Castle
5161,Mhoire Castle Great Hall
5162,Mhoire Castle Northeast Tower
5163,Mhoire Castle Northwest Tower
5164,Mhoire Castle Southeast Tower
5165,Mhoire Castle Southwest Tower
5166,Flaming Skull
5167,Mhoire Castle Exit Portal
5168,a spectacular view of the Mhoire lands
5169,a descent into the Mhoire catacombs
5170,a descent into the Mhoire catacombs
5171,Spectral Fountain Sip
5172,Spectral Fountain Sip
5173,Spectral Fountain Sip
5174,Mhoire's Blessing of Power
5175,Facility Hub Recall
5176,Celestial Hand Basement
5177,Radiant Blood Basement
5178,Eldrytch Web Basement
5179,Celestial Hand Basement
5180,Radiant Blood Basement
5181,Eldrytch Web Basement
5182,Aura of Incantation of Spirit Drinker
5183,Aura of Incantation of Blood Drinker Self
5184,Rare Damage Boost VII
5185,Rare Damage Boost VIII
5186,Rare Damage Boost IX
5187,Rare Damage Boost X
5188,Rare Damage Reduction I
5189,Rare Damage Reduction II
5190,Rare Damage Reduction III
5191,Rare Damage Reduction IV
5192,Rare Damage Reduction V
5193,Rare Damage Reduction V
5194,Rare Damage Reduction V
5195,Rare Damage Reduction V
5196,Rare Damage Reduction V
5197,Rare Damage Reduction V
5198,Rare Damage Boost I
5199,Rare Damage Boost II
5200,Rare Damage Boost III
5201,Rare Damage Boost IV
5202,Rare Damage Boost V
5203,Rare Damage Boost VI
5204,Surge of Destruction
5205,Surge of Affliction
5206,Surge of Protection
5207,Surge of Festering
5208,Surge of Regeneration
5209,Sigil of Fury I (Critical Damage)
5210,Sigil of Fury II (Critical Damage)
5211,Sigil of Fury III (Critical Damage)
5212,Sigil of Fury IV (Critical Damage)
5213,Sigil of Fury V (Critical Damage)
5214,Sigil of Fury VI (Critical Damage)
5215,Sigil of Fury VII (Critical Damage)
5216,Sigil of Fury VIII (Critical Damage)
5217,Sigil of Fury IX (Critical Damage)
5218,Sigil of Fury X (Critical Damage)
5219,Sigil of Fury XI (Critical Damage)
5220,Sigil of Fury XII (Critical Damage)
5221,Sigil of Fury XIII (Critical Damage)
5222,Sigil of Fury XIV (Critical Damage)
5223,Sigil of Fury XV (Critical Damage)
5224,Sigil of Destruction I
5225,Sigil of Destruction II
5226,Sigil of Destruction III
5227,Sigil of Destruction IV
5228,Sigil of Destruction V
5229,Sigil of Destruction VI
5230,Sigil of Destruction VII
5231,Sigil of Destruction VIII
5232,Sigil of Destruction IX
5233,Sigil of Destruction X
5234,Sigil of Destruction XI
5235,Sigil of Destruction XII
5236,Sigil of Destruction XIII
5237,Sigil of Destruction XIV
5238,Sigil of Destruction XV
5239,Sigil of Defense I
5240,Sigil of Defense II
5241,Sigil of Defense III
5242,Sigil of Defense IV
5243,Sigil of Defense V
5244,Sigil of Defense VI
5245,Sigil of Defense VII
5246,Sigil of Defense VIII
5247,Sigil of Defense IX
5248,Sigil of Defense X
5249,Sigil of Defense XI
5250,Sigil of Defense XII
5251,Sigil of Defense XIII
5252,Sigil of Defense XIV
5253,Sigil of Defense XV
5254,Sigil of Growth I
5255,Sigil of Growth II
5256,Sigil of Growth III
5257,Sigil of Growth IV
5258,Sigil of Growth V
5259,Sigil of Growth VI
5260,Sigil of Growth VII
5261,Sigil of Growth VIII
5262,Sigil of Growth IX
5263,Sigil of Growth X
5264,Sigil of Growth XI
5265,Sigil of Growth XII
5266,Sigil of Growth XIII
5267,Sigil of Growth XIV
5268,Sigil of Growth XV
5269,Sigil of Vigor I (Health)
5270,Sigil of Vigor II (Health)
5271,Sigil of Vigor III (Health)
5272,Sigil of Vigor IV (Health)
5273,Sigil of Vigor V (Health)
5274,Sigil of Vigor VI (Health)
5275,Sigil of Vigor VII (Health)
5276,Sigil of Vigor VIII (Health)
5277,Sigil of Vigor IX (Health)
5278,Sigil of Vigor X (Health)
5279,Sigil of Vigor XI (Health)
5280,Sigil of Vigor XII (Health)
5281,Sigil of Vigor XIII (Health)
5282,Sigil of Vigor XIV (Health)
5283,Sigil of Vigor XV (Health)
5284,Sigil of Vigor I (Mana)
5285,Sigil of Vigor II (Mana)
5286,Sigil of Vigor III (Mana)
5287,Sigil of Vigor IV (Mana)
5288,Sigil of Vigor V (Mana)
5289,Sigil of Vigor VI (Mana)
5290,Sigil of Vigor VII (Mana)
5291,Sigil of Vigor VIII (Mana)
5292,Sigil of Vigor IX (Mana)
5293,Sigil of Vigor X (Mana)
5294,Sigil of Vigor XI (Mana)
5295,Sigil of Vigor XII (Mana)
5296,Sigil of Vigor XIII (Mana)
5297,Sigil of Vigor XIV (Mana)
5298,Sigil of Vigor XV (Mana)
5299,Sigil of Vigor I (Stamina)
5300,Sigil of Vigor II (Stamina)
5301,Sigil of Vigor III (Stamina)
5302,Sigil of Vigor IV (Stamina)
5303,Sigil of Vigor V (Stamina)
5304,Sigil of Vigor VI (Stamina)
5305,Sigil of Vigor VII (Stamina)
5306,Sigil of Vigor VIII (Stamina)
5307,Sigil of Vigor IX (Stamina)
5308,Sigil of Vigor X (Stamina)
5309,Sigil of Vigor XI (Stamina)
5310,Sigil of Vigor XII (Stamina)
5311,Sigil of Vigor XIII (Stamina)
5312,Sigil of Vigor XIV (Stamina)
5313,Sigil of Vigor XV (Stamina)
5314,Blessing of Unity
5315,Sigil of Fury I (Endurance)
5316,Sigil of Fury II (Endurance)
5317,Sigil of Fury III (Endurance)
5318,Sigil of Fury IV (Endurance)
5319,Sigil of Fury V (Endurance)
5320,Sigil of Fury VI (Endurance)
5321,Sigil of Fury VII (Endurance)
5322,Sigil of Fury VIII (Endurance)
5323,Sigil of Fury IX (Endurance)
5324,Sigil of Fury X (Endurance)
5325,Sigil of Fury XI (Endurance)
5326,Sigil of Fury XII (Endurance)
5327,Sigil of Fury XIII (Endurance)
5328,Sigil of Fury XIV (Endurance)
5329,Sigil of Fury XV (Endurance)
5330,Gear Knight Invasion Area Camp Recall
5331,Clouded Soul
5332,Bael'zharon's Nether Streak
5333,Bael'zharon's Nether Arc
5334,Bael'zharons Curse of Destruction
5335,Bael'zharons Curse of Minor Destruction
5336,Bael'zharons Curse of Festering
5427,Minor Void Magic Aptitude
5428,Major Void Magic Aptitude
5429,Epic Void Magic Aptitude
5430,Moderate Void Magic Aptitude
5431,Novice Shadow's Void Magic Aptitude
5432,Apprentice Voidlock's Void Magic Aptitude
5433,Journeyman Voidlock's Void Magic Aptitude
5434,Master Voidlock's Void Magic Aptitude
5435,Spectral Void Magic Mastery
5436,Prodigal Void Magic Mastery
5437,Corruptor's Boon
5438,Corruptor's Boon
5439,Acid Spit Streak 1
5440,Acid Spit 1
5441,Acid Spit 2
5442,Acid Spit Arc 1
5443,Acid Spit Arc 2
5444,Acid Spit Blast 1
5445,Acid Spit Blast 2
5446,Acid Spit Volley 1
5447,Acid Spit Volley 2
5448,Acid Spit Streak
5449,Surging Strength
5450,Towering Defense
5451,Luminous Vitality
5452,Queen's Willpower
5453,Queen's Armor
5454,Queen's Coordination
5455,Queen's Endurance
5456,Queen's Focus
5457,Queen's Quickness
5458,Queen's Strength
5459,Queen's Piercing Protection
5460,Queen's Acid Protection
5461,Queen's Blade Protection
5462,Queen's Bludgeoning Protection
5463,Queen's Cold Protection
5464,Queen's Fire Protection
5465,Queen's Lightning Protection
5466,Queen's Rejuvenation
5467,Queen's Mana Renewal
5468,Queen's Regeneration
5469,Queen's Impregnability Other
5470,Queen's Invulnerability Other
5471,Queen's Magic Resistance
5472,Queen's Mana Conversion Mastery
5473,Queen's Salvaging Mastery Other
5474,Queen's Sprint
5475,Queen's Light Weapon Mastery
5476,Queen's War Magic Mastery
5477,Critical Damage Metamorphi I
5478,Critical Damage Metamorphi II
5479,Critical Damage Metamorphi III
5480,Critical Damage Metamorphi IV
5481,Critical Damage Metamorphi V
5482,Critical Damage Metamorphi VI
5483,Critical Damage Metamorphi VII
5484,Critical Damage Metamorphi VIII
5485,Critical Damage Metamorphi IX
5486,Critical Damage Metamorphi X
5487,Critical Damage Metamorphi XI
5489,Critical Damage Reduction Metamorphi I
5490,Critical Damage Reduction Metamorphi II
5491,Critical Damage Reduction Metamorphi III
5492,Critical Damage Reduction Metamorphi IV
5493,Critical Damage Reduction Metamorphi V
5494,Critical Damage Reduction Metamorphi VI
5495,Critical Damage Reduction Metamorphi VII
5496,Critical Damage Reduction Metamorphi VIII
5497,Critical Damage Reduction Metamorphi IX
5498,Critical Damage Reduction Metamorphi X
5499,Critical Damage Reduction Metamorphi XI
5500,Damage Metamorphi I
5501,Damage Metamorphi II
5502,Damage Metamorphi III
5503,Damage Metamorphi IV
5504,Damage Metamorphi V
5505,Damage Metamorphi VI
5506,Damage Metamorphi VII
5507,Damage Metamorphi VIII
5508,Damage Metamorphi IX
5509,Damage Metamorphi X
5510,Damage Metamorphi XI
5511,Damage Reduction Metamorphi I
5512,Damage Reduction Metamorphi II
5513,Damage Reduction Metamorphi III
5514,Damage Reduction Metamorphi IV
5515,Damage Reduction Metamorphi V
5516,Damage Reduction Metamorphi VI
5517,Damage Reduction Metamorphi VII
5518,Damage Reduction Metamorphi VIII
5519,Damage Reduction Metamorphi IX
5520,Damage Reduction Metamorphi X
5521,Damage Reduction Metamorphi XI
5522,Acid Spit Vulnerability 1
5523,Acid Spit Vulnerability 2
5524,Falling stalactite
5525,Bloodstone Bolt I
5526,Bloodstone Bolt II
5527,Bloodstone Bolt III
5528,Bloodstone Bolt IV
5529,Bloodstone Bolt V
5530,Bloodstone Bolt VI
5531,Bloodstone Bolt VII
5532,Incantation of Bloodstone Bolt
5533,Entering Lord Kastellar's Lab
5534,Entering the Bloodstone Factory
5535,Acidic Blood
5536,Acidic Blood
5537,Acidic Blood
5538,Darkened Heart
5539,Warded Cavern Passage
5540,Warded Dungeon Passage
5541,Lost City of Neftet Recall
5542,Burning Sands Infliction
5543,Curse of the Burning Sands
5544,Nether Blast I
5545,Nether Blast II
5546,Nether Blast III
5547,Nether Blast IV
5548,Nether Blast V
5549,Nether Blast VI
5550,Nether Blast VII
5551,Incantation of Nether Blast
5552,Sigil of Purity IX
5553,Sigil of Perserverance I
5554,Sigil of Perserverance X
5555,Sigil of Perserverance XI
5556,Sigil of Perserverance XII
5557,Sigil of Perserverance XIII
5558,Sigil of Perserverance XIV
5559,Sigil of Perserverance XV
5560,Sigil of Perserverance II
5561,Sigil of Perserverance III
5562,Sigil of Perserverance IV
5563,Sigil of Perserverance V
5564,Sigil of Perserverance VI
5565,Sigil of Perserverance VII
5566,Sigil of Perserverance VIII
5567,Sigil of Perserverance IX
5568,Sigil of Purity I
5569,Sigil of Purity X
5570,Sigil of Purity XI
5571,Sigil of Purity XII
5572,Sigil of Purity XIII
5573,Sigil of Purity XIV
5574,Sigil of Purity XV
5575,Sigil of Purity II
5576,Sigil of Purity III
5577,Sigil of Purity IV
5578,Sigil of Purity V
5579,Sigil of Purity VI
5580,Sigil of Purity VII
5581,Sigil of Purity VIII
5582,Nullify All Rares
5583,Weave of Alchemy I
5584,Weave of Alchemy II
5585,Weave of Alchemy III
5586,Weave of Alchemy IV
5587,Weave of Alchemy V
5588,Weave of Arcane Lore I
5589,Weave of Arcane Lore II
5590,Weave of Arcane Lore III
5591,Weave of Arcane Lore IV
5592,Weave of Arcane Lore V
5593,Weave of Armor Tinkering I
5594,Weave of Armor Tinkering II
5595,Weave of Armor Tinkering III
5596,Weave of Armor Tinkering IV
5597,Weave of Armor Tinkering V
5598,Weave of Person Attunement I
5599,Weave of Person Attunement II
5600,Weave of Person Attunement III
5601,Weave of Person Attunement IV
5602,Weave of the Person Attunement V
5603,Weave of Light Weapons I
5604,Weave of Light Weapons II
5605,Weave of Light Weapons III
5606,Weave of Light Weapons IV
5607,Weave of Light Weapons V
5608,Weave of Missile Weapons I
5609,Weave of Missile Weapons II
5610,Weave of Missile Weapons III
5611,Weave of Missile Weapons IV
5612,Weave of Missile Weapons V
5613,Weave of Cooking I
5614,Weave of Cooking II
5615,Weave of Cooking III
5616,Weave of Cooking IV
5617,Weave of the Cooking V
5618,Weave of Creature Enchantment I
5619,Weave of Creature Enchantment II
5620,Weave of Creature Enchantment III
5621,Weave of Creature Enchantment IV
5622,Weave of the Creature Enchantment V
5623,Weave of Missile Weapons I
5624,Weave of Missile Weapons II
5625,Weave of Missile Weapons III
5626,Weave of Missile Weapons IV
5627,Weave of Missile Weapons V
5628,Weave of Finesse Weapons I
5629,Weave of Finesse Weapons II
5630,Weave of Finesse Weapons III
5631,Weave of Finesse Weapons IV
5632,Weave of Finesse Weapons V
5633,Weave of Deception I
5634,Weave of the Deception II
5635,Weave of the Deception III
5636,Weave of the Deception IV
5637,Weave of the Deception V
5638,Weave of Fletching I
5639,Weave of the Fletching II
5640,Weave of the Fletching III
5641,Weave of the Fletching IV
5642,Weave of the Fletching V
5643,Weave of Healing I
5644,Weave of the Healing II
5645,Weave of the Healing III
5646,Weave of the Healing IV
5647,Weave of the Healing V
5648,Weave of Item Enchantment I
5649,Weave of Item Enchantment II
5650,Weave of Item Enchantment III
5651,Weave of Item Enchantment IV
5652,Weave of the Item Enchantment V
5653,Weave of Item Tinkering I
5654,Weave of Item Tinkering II
5655,Weave of Item Tinkering III
5656,Weave of Item Tinkering IV
5657,Weave of the Item Tinkering V
5658,Weave of Leadership I
5659,Weave of Leadership II
5660,Weave of Leadership III
5661,Weave of Leadership IV
5662,Weave of Leadership V
5663,Weave of Life Magic I
5664,Weave of Life Magic II
5665,Weave of Life Magic III
5666,Weave of Life Magic IV
5667,Weave of Life Magic V
5668,Weave of Fealty I
5669,Weave of Fealty II
5670,Weave of Fealty III
5671,Weave of Fealty IV
5672,Weave of Fealty V
5673,Weave of Light Weapons I
5674,Weave of Light Weapons II
5675,Weave of Light Weapons III
5676,Weave of Light Weapons IV
5677,Weave of Light Weapons V
5678,Weave of Magic Resistance I
5679,Weave of Magic Resistance II
5680,Weave of Magic Resistance III
5681,Weave of Magic Resistance IV
5682,Weave of the Magic Resistance V
5683,Weave of Magic Item Tinkering I
5684,Weave of Magic Item Tinkering II
5685,Weave of Magic Item Tinkering III
5686,Weave of Magic Item Tinkering IV
5687,Weave of the Magic Item Tinkering V
5688,Weave of Mana Conversion I
5689,Weave of Mana Conversion II
5690,Weave of Mana Conversion III
5691,Weave of Mana Conversion IV
5692,Weave of Mana Conversion V
5693,Weave of Invulnerability I
5694,Weave of Invulnerability II
5695,Weave of Invulnerability III
5696,Weave of Invulnerability IV
5697,Weave of the Invulnerability V
5698,Weave of Impregnability I
5699,Weave of Impregnability II
5700,Weave of Impregnability III
5701,Weave of Impregnability IV
5702,Weave of the Impregnability V
5703,Weave of Salvaging I
5704,Weave of Salvaging II
5705,Weave of Salvaging III
5706,Weave of Salvaging IV
5707,Weave of Salvaging V
5708,Weave of Light Weapons I
5709,Weave of Light Weapons II
5710,Weave of Light Weapons III
5711,Weave of Light Weapons IV
5712,Weave of Light Weapons V
5713,Weave of Light Weapons I
5714,Weave of Light Weapons II
5715,Weave of Light Weapons III
5716,Weave of Light Weapons IV
5717,Weave of Light Weapons V
5718,Weave of Heavy Weapons I
5719,Weave of Heavy Weapons II
5720,Weave of Heavy Weapons III
5721,Weave of Heavy Weapons IV
5722,Weave of Heavy Weapons V
5723,Weave of Missile Weapons I
5724,Weave of Missile Weapons II
5725,Weave of Missile Weapons III
5726,Weave of Missile Weapons IV
5727,Weave of Missile Weapons V
5728,Weave of Two Handed Combat I
5729,Weave of Two Handed Combat II
5730,Weave of Two Handed Combat III
5731,Weave of Two Handed Combat IV
5732,Weave of Two Handed Combat V
5733,Weave of Light Weapons I
5734,Weave of Light Weapons II
5735,Weave of Light Weapons III
5736,Weave of Light Weapons IV
5737,Weave of Light Weapons V
5738,Weave of Void Magic I
5739,Weave of Void Magic II
5740,Weave of Void Magic III
5741,Weave of Void Magic IV
5742,Weave of Void Magic V
5743,Weave of War Magic I
5744,Weave of War Magic II
5745,Weave of War Magic III
5746,Weave of War Magic IV
5747,Weave of War Magic V
5748,Weave of Weapon Tinkering I
5749,Weave of Weapon Tinkering II
5750,Weave of Weapon Tinkering III
5751,Weave of Weapon Tinkering IV
5752,Weave of the Weapon Tinkering V
5753,Cloaked in Skill
5754,Shroud of Darkness (Magic)
5755,Shroud of Darkness (Melee)
5756,Shroud of Darkness (Missile)
5757,Weave of Creature Attunement III
5758,Weave of Creature Attunement IV
5759,Weave of the Creature Attunement V
5760,Weave of Creature Attunement I
5761,Weave of Creature Attunement II
5762,Rolling Death
5883,Minor Dirty Fighting Prowess
5884,Minor Dual Wield Aptitude
5885,Minor Recklessness Prowess
5886,Minor Shield Aptitude
5887,Minor Sneak Attack Prowess
5888,Major Dirty Fighting Prowess
5889,Major Dual Wield Aptitude
5890,Major Recklessness Prowess
5891,Major Shield Aptitude
5892,Major Sneak Attack Prowess
5893,Epic Dirty Fighting Prowess
5894,Epic Dual Wield Aptitude
5895,Epic Recklessness Prowess
5896,Epic Shield Aptitude
5897,Epic Sneak Attack Prowess
5898,Moderate Dirty Fighting Prowess
5899,Moderate Dual Wield Aptitude
5900,Moderate Recklessness Prowess
5901,Moderate Shield Aptitude
5902,Moderate Sneak Attack Prowess
5903,Prodigal Dual Wield Mastery
5904,Spectral Dual Wield Mastery
5905,Prodigal Recklessness Mastery
5906,Spectral Recklessness Mastery
5907,Prodigal Shield Mastery
5908,Spectral Shield Mastery
5909,Prodigal Sneak Attack Mastery
5910,Spectral Sneak Attack Mastery
5911,Prodigal Dirty Fighting Mastery
5912,Spectral Dirty Fighting Mastery
5913,Weave of Dirty Fighting I
5914,Weave of Dirty Fighting II
5915,Weave of Dirty Fighting III
5916,Weave of Dirty Fighting IV
5917,Weave of Dirty Fighting V
5918,Weave of Dual Wield I
5919,Weave of Dual Wield II
5920,Weave of Dual Wield III
5921,Weave of Dual Wield IV
5922,Weave of Dual Wield V
5923,Weave of Recklessness I
5924,Weave of Recklessness II
5925,Weave of Recklessness III
5926,Weave of Recklessness IV
5927,Weave of Recklessness V
5928,Weave of Shield I
5929,Weave of Shield II
5930,Weave of Shield III
5931,Weave of Shield IV
5932,Weave of Shield V
5933,Weave of Sneak Attack I
5934,Weave of Sneak Attack II
5935,Weave of Sneak Attack III
5936,Weave of Sneak Attack IV
5937,Weave of Sneak Attack V
5938,Blinding Assault
5939,Bleeding Assault
5940,Unbalancing Assault
5941,Traumatic Assault
5942,Blinding Blow
5943,Bleeding Blow
5944,Unbalancing Blow
5945,Traumatic Blow
5946,Novice Soldier's Dirty Fighting Aptitude
5947,Apprentice Soldier's Dirty Fighting Aptitude
5948,Journeyman Soldier's Dirty Fighting Aptitude
5949,Master Soldier's Dirty Fighting Aptitude
5950,Novice Soldier's Dual Wield Aptitude
5951,Apprentice Soldier's Dual Wield Aptitude
5952,Journeyman Soldier's Dual Wield Aptitude
5953,Master Soldier's Dual Wield Aptitude
5954,Novice Soldier's Recklessness Aptitude
5955,Apprentice Soldier's Recklessness Aptitude
5956,Journeyman Soldier's Recklessness Aptitude
5957,Master Soldier's Recklessness Aptitude
5958,Novice Soldier's Shield Aptitude
5959,Apprentice Soldier's Shield Aptitude
5960,Journeyman Soldier's Shield Aptitude
5961,Master Soldier's Shield Aptitude
5962,Novice Soldier's Sneak Attack Aptitude
5963,Apprentice Soldier's Sneak Attack Aptitude
5964,Journeyman Soldier's Sneak Attack Aptitude
5965,Master Soldier's Sneak Attack Aptitude
5966,Vigor of Mhoire
5967,Galvanic Arc
5968,Galvanic Blast
5969,Galvanic Strike
5970,Galvanic Streak
5971,Galvanic Volley
5972,Galvanic Bomb
5973,Protection of Mouf
5974,Rare Armor Damage Boost I
5975,Rare Armor Damage Boost II
5976,Rare Armor Damage Boost III
5977,Rare Armor Damage Boost IV
5978,Rare Armor Damage Boost V
5979,Blighted Touch
5980,Corrupted Touch
5981,Sath'tik's Curse
6032,Imprisoned
6033,Impudence
6034,Proving Grounds Rolling Death
6035,Spirit of Izexi
6036,No Escape
6037,Fleeting Will
6038,Warm and Fuzzy
6039,Legendary Weapon Tinkering Expertise
6040,Legendary Alchemical Prowess
6041,Legendary Arcane Prowess
6042,Legendary Armor Tinkering Expertise
6043,Legendary Light Weapon Aptitude
6044,Legendary Missile Weapon Aptitude
6045,Legendary Cooking Prowess
6046,Legendary Creature Enchantment Aptitude
6047,Legendary Finesse Weapon Aptitude
6048,Legendary Deception Prowess
6049,Legendary Dirty Fighting Prowess
6050,Legendary Dual Wield Aptitude
6051,Legendary Fealty
6052,Legendary Fletching Prowess
6053,Legendary Healing Prowess
6054,Legendary Impregnability
6055,Legendary Invulnerability
6056,Legendary Item Enchantment Aptitude
6057,Legendary Item Tinkering Expertise
6058,Legendary Jumping Prowess
6059,Legendary Leadership
6060,Legendary Life Magic Aptitude
6061,Legendary Lockpick Prowess
6062,Legendary Magic Item Tinkering Expertise
6063,Legendary Magic Resistance
6064,Legendary Mana Conversion Prowess
6065,Legendary Monster Attunement
6066,Legendary Person Attunement
6067,Legendary Recklessness Prowess
6068,Legendary Salvaging Aptitude
6069,Legendary Shield Aptitude
6070,Legendary Sneak Attack Prowess
6071,Legendary Sprint
6072,Legendary Heavy Weapon Aptitude
6073,Legendary Two Handed Combat Aptitude
6074,Legendary Void Magic Aptitude
6075,Legendary War Magic Aptitude
6076,Legendary Stamina Gain
6077,Legendary Health Gain
6078,Legendary Mana Gain
6079,Legendary Storm Ward
6080,Legendary Acid Ward
6081,Legendary Bludgeoning Ward
6082,Legendary Flame Ward
6083,Legendary Frost Ward
6084,Legendary Piercing Ward
6085,Legendary Slashing Ward
6086,Epic Hermetic Link
6087,Legendary Hermetic Link
6088,Legendary Acid Bane
6089,Legendary Blood Thirst
6090,Legendary Bludgeoning Bane
6091,Legendary Defender
6092,Legendary Flame Bane
6093,Legendary Frost Bane
6094,Legendary Heart Thirst
6095,Legendary Impenetrability
6096,Legendary Piercing Bane
6097,Legendary Slashing Bane
6098,Legendary Spirit Thirst
6099,Legendary Storm Bane
6100,Legendary Swift Hunter
6101,Legendary Willpower
6102,Legendary Armor
6103,Legendary Coordination
6104,Legendary Endurance
6105,Legendary Focus
6106,Legendary Quickness
6107,Legendary Strength
6124,Epic Summoning Prowess
6125,Legendary Summoning Prowess
6126,Major Summoning Prowess
6127,Minor Summoning Prowess
6128,Moderate Summoning Prowess
6129,Summoning Ineptitude Other I
6130,Summoning Ineptitude Other II
6131,Summoning Ineptitude Other III
6132,Summoning Ineptitude Other IV
6133,Summoning Ineptitude Other V
6134,Summoning Ineptitude Other VI
6135,Summoning Ineptitude Other VII
6136,Incantation of Summoning Ineptitude Other
6137,Weave of Summoning II
6138,Weave of Summoning III
6139,Weave of Summoning IV
6140,Weave of Summoning V
6141,Weave of Summoning I
6142,Novice Invoker's Summoning Aptitude
6143,Apprentice Invoker's Summoning Aptitude
6144,Journeyman Invoker's Summoning Aptitude
6145,Master Invoker's Summoning Aptitude
6146,Ride The Lightning
6147,Entrance to the Frozen Valley
6148,Begone and Be Afraid
6149,Rynthid Vision
6150,Rynthid Recall
6151,Crimson Storm
6152,Rocky Shrapnel
6153,Tryptophan Coma
6154,Entering the Basement
6155,Earthen Stomp
6156,Viridian Ring
6157,Withering Ring
6158,Poison Breath
6159,Thorn Volley
6160,Thorns
6161,Acidic Thorns
6162,Thorn Arc
6163,Ring of Thorns
6164,Deadly Ring of Thorns
6165,Deadly Thorn Volley
6166,Poisoned Wounds
6167,Poisoned Vitality
6168,Deadly Ring of Lightning
6169,Deadly Lightning Volley
6170,Honeyed Life Mead
6171,Honeyed Mana Mead
6172,Honeyed Vigor Mead
6173,Raging Heart
6174,Twisting Wounds
6175,Increasing Pain
6176,Genius
6177,Gauntlet Item Mastery
6178,Gauntlet Weapon Mastery
6179,Gauntlet Magic Item Mastery
6180,Gauntlet Armor Mastery
6181,Singeing Flames
6182,Over-Exerted
6183,Return to the Stronghold
6184,Return to the Stronghold
6185,Return to the Stronghold
6186,Deafening Wail
6187,Screeching Howl
6188,Earthquake
6189,Searing Disc II
6190,Horizon's Blades II
6191,Cassius' Ring of Fire II
6192,Nuhmudira's Spines II
6193,Halo of Frost II
6194,Eye of the Storm II
6195,Clouded Soul II
6196,Tectonic Rifts II
6197,Eye of the Storm II
6198,Incantation of Lightning Bolt
6199,Incantation of Lightning Arc
6200,Paragon's Dual Wield Mastery V
6201,Paragon's Finesse Weapon Mastery I
6202,Paragon's Finesse Weapon Mastery II
6203,Paragon's Finesse Weapon Mastery III
6204,Paragon's Finesse Weapon Mastery IV
6205,Paragon's Finesse Weapon Mastery V
6206,Paragon's Heavy Weapon Mastery I
6207,Paragon's Heavy Weapon Mastery II
6208,Paragon's Heavy Weapon Mastery III
6209,Paragon's Heavy Weapon Mastery IV
6210,Paragon's Heavy Weapon Mastery V
6211,Paragon's Life Magic Mastery I
6212,Paragon's Life Magic Mastery II
6213,Paragon's Life Magic Mastery III
6214,Paragon's Life Magic Mastery IV
6215,Paragon's Life Magic Mastery V
6216,Paragon's Light Weapon Mastery I
6217,Paragon's Light Weapon Mastery II
6218,Paragon's Light Weapon Mastery III
6219,Paragon's Light Weapon Mastery IV
6220,Paragon's Light Weapon Mastery V
6221,Paragon's Missile Weapon Mastery I
6222,Paragon's Missile Weapon Mastery II
6223,Paragon's Missile Weapon Mastery III
6224,Paragon's Missile Weapon Mastery IV
6225,Paragon's Missile Weapon Mastery V
6226,Paragon's Recklessness Mastery I
6227,Paragon's Recklessness Mastery II
6228,Paragon's Recklessness Mastery III
6229,Paragon's Recklessness Mastery IV
6230,Paragon's Recklessness Mastery V
6231,Paragon's Sneak Attack Mastery I
6232,Paragon's Sneak Attack Mastery II
6233,Paragon's Sneak Attack Mastery III
6234,Paragon's Sneak Attack Mastery IV
6235,Paragon's Sneak Attack Mastery V
6236,Paragon's Two Handed Combat Mastery I
6237,Paragon's Two Handed Combat Mastery II
6238,Paragon's Two Handed Combat Mastery III
6239,Paragon's Two Handed Combat Mastery IV
6240,Paragon's Two Handed Combat Mastery V
6241,Paragon's Void Magic Mastery I
6242,Paragon's Void Magic Mastery II
6243,Paragon's Void Magic Mastery III
6244,Paragon's Void Magic Mastery IV
6245,Paragon's Void Magic Mastery V
6246,Paragon's War Magic Mastery I
6247,Paragon's War Magic Mastery II
6248,Paragon's War Magic Mastery III
6249,Paragon's War Magic Mastery IV
6250,Paragon's War Magic Mastery V
6251,Paragon's Dirty Fighting Mastery I
6252,Paragon's Dirty Fighting Mastery II
6253,Paragon's Dirty Fighting Mastery III
6254,Paragon's Dirty Fighting Mastery IV
6255,Paragon's Dirty Fighting Mastery V
6256,Paragon's Dual Wield Mastery I
6257,Paragon's Dual Wield Mastery II
6258,Paragon's Dual Wield Mastery III
6259,Paragon's Dual Wield Mastery IV
6260,Paragon's Willpower V
6261,Paragon's Coordination I
6262,Paragon's Coordination II
6263,Paragon's Coordination III
6264,Paragon's Coordination IV
6265,Paragon's Coordination V
6266,Paragon's Endurance I
6267,Paragon's Endurance II
6268,Paragon's Endurance III
6269,Paragon's Endurance IV
6270,Paragon's Endurance V
6271,Paragon's Focus I
6272,Paragon's Focus II
6273,Paragon's Focus III
6274,Paragon's Focus IV
6275,Paragon's Focus V
6276,Paragon Quickness I
6277,Paragon Quickness II
6278,Paragon Quickness III
6279,Paragon Quickness IV
6280,Paragon Quickness V
6281,Paragon's Strength I
6282,Paragon's Strength II
6283,Paragon's Strength III
6284,Paragon's Strength IV
6285,Paragon's Strength V
6286,Paragon's Willpower I
6287,Paragon's Willpower II
6288,Paragon's Willpower III
6289,Paragon's Willpower IV
6290,Paragon's Stamina V
6291,Paragon's Critical Boost I
6292,Paragon's Critical Damage Boost II
6293,Paragon's Critical Damage Boost III
6294,Paragon's Critical Damage Boost IV
6295,Paragon's Critical Damage Boost V
6296,Paragon's Critical Damage Reduction I
6297,Paragon's Critical Damage Reduction II
6298,Paragon's Critical Damage Reduction III
6299,Paragon's Critical Damage Reduction IV
6300,Paragon's Critical Damage Reduction V
6301,Paragon's Damage Boost I
6302,Paragon's Damage Boost II
6303,Paragon's Damage Boost III
6304,Paragon's Damage Boost IV
6305,Paragon's Damage Boost V
6306,Paragon's Damage Reduction I
6307,Paragon's Damage Reduction II
6308,Paragon's Damage Reduction III
6309,Paragon's Damage Reduction IV
6310,Paragon's Damage Reduction V
6311,Paragon's Mana I
6312,Paragon's Mana II
6313,Paragon's Mana III
6314,Paragon's Mana IV
6315,Paragon's Mana V
6316,Paragon's Stamina I
6317,Paragon's Stamina II
6318,Paragon's Stamina III
6319,Paragon's Stamina IV
6320,Ring of Skulls II
6321,Viridian Rise Recall
6322,Viridian Rise Great Tree Recall
6323,Gauntlet Imperil Self
6324,Gauntlet Vulnerability Self
6325,Celestial Hand Stronghold Recall
6326,Eldrytch Web Stronghold Recall
6327,Radiant Blood Stronghold Recall
6328,Gauntlet Critical Damage Boost I
6329,Gauntlet Critical Damage Boost II
6330,Gauntlet Damage Boost I
6331,Gauntlet Damage Boost II
6332,Gauntlet Damage Reduction I
6333,Gauntlet Damage Reduction II
6334,Gauntlet Critical Damage Reduction I
6335,Gauntlet Critical Damage Reduction II
6336,Gauntlet Healing Boost I
6337,Gauntlet Healing Boost II
6338,Gauntlet Vitality I
6339,Gauntlet Vitality II
6340,Gauntlet Vitality III
